English,Polish
abolish,znieść
abortion,poronienie
absence,brak
absent,nieobecny
absorb,absorbować
abstract,abstrakcyjny
absurd,absurdalny
abundance,obfitość
abuse,nadużywać
academy,akademia
accelerate,przyśpieszyć
accent,akcent
acceptance,przyjęcie
accessible,dostępny
accidentally,przypadkowo
accommodate,pomieścić
accomplish,osiągać
accomplishment,osiągnięcie
accordance,zgodność
accordingly,odpowiednio
accountability,odpowiedzialność
accountable,odpowiedzialny
accountant,księgowy
accounting,rachunkowość
accumulate,gromadzić
accumulation,akumulacja
accuracy,dokładność
accurately,dokładnie
accusation,oskarżenie
accused,oskarżony
acid,kwas
acquisition,nabytek
acre,akr
activate,aktywować
activation,aktywacja
activist,aktywista
acute,ostry
adaptation,dostosowanie
addiction,uzależnienie
additionally,Dodatkowo
adequate,odpowiedni
adequately,odpowiednio
adhere,przylegać
adjacent,przylegający
adjust,regulować
adjustment,modyfikacja
administer,administrować
administrative,administracyjny
administrator,administrator
admission,wstęp
adolescent,dorastający
adoption,przyjęcie
adverse,niekorzystny
advocate,rzecznik
aesthetic,estetyka
affection,sympatia
affordable,przystępny
aftermath,następstwa
aggression,agresja
agricultural,rolniczy
agriculture,rolnictwo
aide,doradca
aids,AIDS
albeit,aczkolwiek
alert,alarm
alien,obcy
align,wyrównywać
alignment,wyrównanie
alike,zarówno
allegation,zarzut
allege,twierdzić
allegedly,rzekomo
alliance,przymierze
allocate,przeznaczyć
allocation,przydział
allowance,dodatek
ally,sprzymierzyć
alongside,wzdłuż
altogether,całkowicie
aluminium,aluminium
amateur,amator
ambassador,ambasador
ambulance,ambulans
amend,poprawiać
amendment,poprawka
amid,pośród
amusing,zabawny
analogy,analogia
analyst,analityk
ancestor,przodek
anchor,kotwica
angel,anioł
animation,ożywienie
annually,rocznie
anonymous,anonimowy
anticipate,przewidywać
anxiety,Lęk
apology,przeprosiny
apparatus,aparat
appealing,pociągający
appetite,apetyt
applaud,klaskać
applicable,odpowiedni
applicant,petent
appoint,wyznaczać
appreciation,uznanie
appropriately,odpowiednio
arbitrary,arbitralny
architectural,architektoniczny
archive,archiwum
arena,arena
arguably,prawdopodobnie
arm,ramię
array,szyk
arrow,strzałka
articulate,artykułować
artwork,grafika
ash,popiół
aside,na bok
aspiration,dążenie
aspire,aspirować
assassination,zamach
assault,napaść
assemble,gromadzić się
assembly,montaż
assert,zapewniać
assertion,twierdzenie
asset,zaleta
assign,przydzielać
assistance,pomoc
assumption,założenie
assurance,pewność
assure,zapewniać
astonishing,zadziwiający
asylum,przytułek
atrocity,okrucieństwo
attachment,załącznik
attain,osiągać
attendance,frekwencja
attorney,adwokat
attribute,atrybut
auction,aukcja
audio,audio
audit,rewizja
authentic,autentyczny
authorize,autoryzować
auto,automatyczny
automatic,automatyczny
automatically,automatycznie
autonomy,autonomia
availability,dostępność
await,czekać na
awareness,świadomość
awkward,niezręczny
backdrop,zasłona
backing,poparcie
backup,kopia zapasowa
badge,odznaka
bail,kaucja
balanced,zrównoważony
ballet,balet
balloon,balon
ballot,balotować
banner,transparent
bare,goły
barely,ledwie
bargain,okazja
barrel,beczka
basement,piwnica
basket,koszyk
bass,bas
bat,nietoperz
battlefield,pole bitwy
bay,zatoka
beam,belka
beast,bestia
behalf,w imieniu
beloved,ukochany
bench,ławka
benchmark,reper
beneath,pod
beneficial,korzystny
beneficiary,beneficjant
beside,obok
besides,Oprócz
betray,zdradzać
bias,stronniczość
bid,oferta
bind,wiązać
biography,biografia
biological,biologiczny
bishop,biskup
bizarre,dziwaczny
blade,ostrze
blanket,koc
blast,podmuch
bleed,krwawić
blend,mieszanka
bless,błogosławić
blessing,błogosławieństwo
blow,cios
boast,przechwałki
bold,pogrubiony
bombing,bombardowanie
bonus,premia
booking,rezerwacja
boom,wysięgnik
boost,zwiększyć
bounce,odbić się
bound,zobowiązany
boundary,granica
bow,ukłon
breach,naruszenie
breakdown,załamanie
breakthrough,wyłom
breed,rasa
brick,cegła
briefly,krótko
broadband,Internet szerokopasmowy
broadcaster,nadawca
broadly,rozłożysto
browser,przeglądarka
brutal,brutalny
buck,bryknięcie
buddy,kumpel
buffer,bufor
bug,błąd
bulk,cielsko
burden,ciężar
bureaucracy,biurokracja
burial,pogrzeb
burst,pękać
cabin,kabina
cabinet,gabinet
calculation,obliczenie
canal,kanał
candle,świeca
canvas,płótno
capability,zdolność
capitalism,kapitalizm
capitalist,kapitalista
carbon,węgiel
cargo,ładunek
carriage,przewóz
carve,rzeźbić
casino,kasyno
casual,zwykły
casualty,wypadek
catalogue,katalog
cater,zaopatrywać
cattle,bydło
caution,ostrożność
cautious,ostrożny
cave,jaskinia
cease,przerwać
cemetery,cmentarz
certainty,pewność
certificate,certyfikat
challenging,wyzywający
chamber,izba
championship,mistrzostwo
chaos,chaos
characterize,charakteryzować
charm,czar
charming,uroczy
charter,czarter
chase,pościg
cheek,policzek
cheer,wiwat
choir,chór
chop,siekać
chronic,chroniczny
chunk,kawałek
circuit,okrążenie
circulate,cyrkulować
circulation,krążenie
citizenship,obywatelstwo
civic,obywatelski
civilian,cywil
civilization,cywilizacja
clarify,wyjaśniać
clarity,przejrzystość
clash,kolidować
classification,klasyfikacja
classify,klasyfikować
cleaning,czyszczenie
clerk,urzędnik
cliff,klif
cling,przylgnąć
clinic,klinika
clinical,kliniczny
clip,klips
closure,zamknięcie
cluster,grupa
coalition,koalicja
coastal,nadbrzeżny
cocktail,koktajl
cognitive,kognitywny
coincide,zbiec się
coincidence,zbieg okoliczności
collaborate,współpracować
collaboration,współpraca
collective,kolektyw
collector,kolektor
collision,kolizja
colonial,kolonialny
colony,kolonia
colourful,kolorowy
columnist,felietonista
combat,walka
comic,komiczny
commander,dowódca
commence,rozpocząć
commentary,komentarz
commentator,komentator
commerce,handel
commissioner,komisarz
commodity,towar
communist,komunistyczny
companion,towarzysz
comparable,porównywalny
comparative,porównawczy
compassion,współczucie
compel,zmusić
compelling,zniewalający
compensate,kompensować
compensation,odszkodowanie
competence,kompetencja
competent,kompetentny
compile,skompilować
complement,uzupełnienie
completion,ukończenie
complexity,złożoność
compliance,zgodność
complication,powikłanie
comply,zastosować się
compose,komponować
composer,kompozytor
composition,kompozycja
compound,mieszanina
comprehensive,wyczerpujący
comprise,zawierać
compromise,kompromis
compulsory,obowiązkowy
compute,obliczać
conceal,ukryć
concede,przyznać
conceive,pojąć
conception,koncepcja
concession,koncesja
concrete,Beton
condemn,potępiać
confer,przyznać
confess,wyznać
confession,wyznanie
configuration,konfiguracja
confine,ograniczać
confirmation,potwierdzenie
confront,konfrontować
confrontation,konfrontacja
confusion,dezorientacja
congratulate,pogratulować
congregation,kongregacja
congressional,kongresowy
conquer,podbić
conscience,sumienie
consciousness,świadomość
consecutive,kolejny
consensus,zgoda
consent,zgoda
consequently,więc
conservation,ochrona
conserve,chronić
considerable,znaczny
considerably,wydatnie
consistency,konsystencja
consistently,konsekwentnie
consolidate,konsolidować
conspiracy,spisek
constituency,okręg wyborczy
constitute,stanowić
constitution,konstytucja
constitutional,konstytucyjny
constraint,ograniczenie
consult,konsultować
consultant,konsultant
consultation,konsultacja
consumption,konsumpcja
contemplate,rozważać
contempt,pogarda
contend,walczyć
contender,zawodnik
content,treść
contention,twierdzenie
continually,nieustannie
contractor,wykonawca
contradiction,sprzeczność
contrary,przeciwnie
contributor,współpracownik
controversial,kontrowersyjny
controversy,spór
convenience,wygoda
convention,konwencja
conventional,standardowy
conversion,konwersja
convey,przekazywać
convict,skazać
conviction,przekonanie
convincing,przekonywający
cooperate,współpracować
cooperative,spółdzielnia
coordinate,koordynować
coordination,koordynacja
coordinator,koordynator
cop,policjant
cope,radzić sobie
copper,miedź
copyright,prawo autorskie
corporation,korporacja
correction,korekta
correlate,korelat
correlation,korelacja
correspond,odpowiadać
correspondence,korespondencja
correspondent,korespondent
corresponding,odpowiedni
corridor,korytarz
corrupt,skorumpowany
corruption,korupcja
costly,kosztowny
councillor,radny
counselling,doradztwo
counsellor,doradca
counter,lada
counterpart,odpowiednik
countless,niezliczony
coup,wspaniały wyczyn
courtesy,kurtuazja
coverage,zasięg
crack,pękać
craft,rzemiosło
crawl,pełzać
creativity,kreatywność
creator,twórca
credibility,wiarygodność
credible,wiarygodny
creep,skradać się
critically,krytycznie
critique,krytyka
crown,korona
crude,surowy
cruise,rejs
crush,zmiażdżyć
crystal,kryształ
cue,replika
cult,kult
cultivate,hodować
curiosity,ciekawość
curious,ciekawski
curriculum,program
custody,opieka
cute,Uroczy
cutting,cięcie
cynical,cyniczny
dairy,mleczarnia
dam,zapora
damaging,szkodliwe
dare,śmieć
darkness,ciemność
database,baza danych
dawn,świt
deadline,termin ostateczny
deadly,śmiertelnie
dealer,kupiec
debris,gruz
debut,debiut
decision-making,podejmowanie decyzji
decisive,decydujący
deck,pokład
declaration,deklaracja
dedicated,Dedykowany
dedication,poświęcenie
deed,czyn
deem,sądzić
default,domyślny
defect,wada
defender,obrońca
defensive,obronny
deficiency,niedobór
deficit,deficyt
defy,przeciwstawiać się
delegate,delegat
delegation,delegacja
delete,usuwać
delicate,delikatny
democracy,demokracja
democratic,demokratyczny
demon,demon
demonstration,demonstracja
denial,odmowa
denounce,potępiać
dense,gęsty
density,gęstość
depart,odjeżdżać
dependence,zależność
dependent,zależny
depict,przedstawiać
deploy,wdrożyć
deployment,zastosowanie
deposit,depozyt
depression,depresja
deprive,pozbawiać
deputy,zastępca
derive,czerpać
descend,schodzić
descent,zejście
designate,określić
desirable,pożądany
desktop,Desiktop
desperately,beznadziejnie
destruction,zniszczenie
destructive,destrukcyjny
detain,zatrzymać
detection,wykrywanie
detention,pozbawienie wolności
deteriorate,pogarszać się
determination,determinacja
devastate,niszczyć
devil,diabeł
devise,wymyślać
devote,poświęcać
diagnose,rozpoznać chorobę
diagnosis,diagnoza
dictate,dyktować
dictator,dyktator
differ,różnić się
differentiate,różnicować
dignity,godność
dilemma,dylemat
dimension,wymiar
diminish,zmniejszać
dip,zanurzać
diplomat,dyplomata
diplomatic,dyplomatyczny
directory,informator
disability,inwalidztwo
disabled,wyłączony
disagreement,niezgoda
disappoint,zawieść
disappointment,rozczarowanie
disastrous,fatalny
discard,wyrzucać
discharge,wypisać
disclose,ujawniać
disclosure,ujawnienie
discourage,zniechęcać
discourse,rozprawiać
discretion,dyskrecja
discrimination,dyskryminacja
dismissal,zwolnienie
disorder,nieład
displace,wypierać
disposal,sprzedaż
dispose,dysponować
dispute,spór
disrupt,zakłócać
disruption,zakłócenie
dissolve,rozwiązać
distant,odległy
distinct,odrębny
distinction,wyróżnienie
distinctive,charakterystyczny
distinguish,wyróżnić
distort,zniekształcać
distract,rozpraszać
distress,rozpacz
disturb,przeszkadzać
disturbing,niepokojący
dive,nurkować
diverse,różnorodny
diversity,różnorodność
divert,odwracać
divine,boski
divorce,rozwód
doctrine,doktryna
documentation,dokumentacja
domain,domena
dominance,przewaga
dominant,dominujący
donation,darowizna
donor,dawca
dose,dawka
dot,kropka
downtown,śródmieście
drain,odpływ
dramatically,dramatycznie
drift,dryf
driving,napędowy
drought,susza
drown,utopić
dual,podwójny
dub,zdubbingować
dull,nudny
dumb,głupi
dump,wysypisko
duo,duet
duration,czas trwania
dynamic,dynamiczny
eager,chętny
earnings,zyski
ease,łatwość
echo,echo
ecological,ekologiczny
economics,ekonomika
economist,ekonomista
editorial,redakcyjny
educator,pedagog
effectiveness,skuteczność
efficiency,efektywność
efficiently,skutecznie
ego,ego
elaborate,wyszukany
elbow,łokieć
electoral,wyborczy
electronics,elektronika
elegant,elegancki
elementary,podstawowy
elevate,podnieść
eligible,odpowiedni
eliminate,wyeliminować
elite,elita
embark,rozpocząć
embarrassment,zakłopotanie
embassy,ambasada
embed,osadzać
embody,ucieleśniać
embrace,uścisk
emergence,powstanie
emission,emisja
emotionally,emocjonalnie
empire,imperium
empirical,empiryczny
empower,umożliwiać
enact,inscenizować
encompass,objąć
encouragement,zachęta
encouraging,zachęcający
endeavour,dążyć
endless,nieskończony
endorse,podpisać się
endorsement,poparcie
endure,wytrzymać
enforce,egzekwować
enforcement,egzekwowanie
engagement,zaręczyny
engaging,ujmujący
enjoyable,przyjemny
enquire,pytać się
enrich,wzbogacać
enrol,zapisać
ensue,wynikać
enterprise,przedsiębiorstwo
entertaining,rozrywkowy
enthusiast,entuzjasta
entitle,upoważniać
entity,podmiot
entrepreneur,przedsiębiorca
envelope,koperta
epidemic,epidemia
equality,równość
equation,równanie
equip,wyposażyć
equivalent,równowartość
era,era
erect,wyprostowany
erupt,wybuchać
escalate,wzmagać
essence,istota
essentially,esencjonalnie
establishment,ustanowienie
eternal,wieczny
ethic,etyczny
ethnic,etniczny
evacuate,ewakuuję
evaluation,ocena
evident,oczywisty
evoke,przywołać
evolution,ewolucja
evolutionary,ewolucyjny
evolve,ewoluować
exaggerate,wyolbrzymiać
exceed,przekroczyć
excellence,doskonałość
exception,wyjątek
exceptional,wyjątkowy
excess,nadmiar
excessive,nadmierny
exclude,wykluczać
exclusion,wykluczenie
exclusive,ekskluzywny
exclusively,wyłącznie
execute,wykonać
execution,wykonanie
exert,wywierać
exhibit,wystawa
exile,wygnanie
exit,Wyjście
exotic,egzotyczny
expansion,ekspansja
expenditure,wydatek
experimental,eksperymentalny
expertise,ekspertyza
expire,wygasać
explicit,wyraźny
explicitly,wyraźnie
exploit,wykorzystać
exploitation,eksploatacja
explosive,materiał wybuchowy
exposure,narażenie
extension,rozszerzenie
extensive,rozległy
extensively,obszernie
extract,ekstrakt
extremist,ekstremista
fabric,tkanina
fabulous,wspaniały
facilitate,ułatwiać
faction,odłam
faculty,wydział
fade,znikać
failed,przegrany
fairness,uczciwość
fake,podróbka
fame,sława
fantasy,kaprys
fare,opłata za przejazd
fatal,śmiertelny
fate,los
favourable,korzystny
feat,wyczyn
federal,federalny
feeding,karmienie
feminist,feminista
fever,gorączka
fibre,błonnik
fierce,zaciekły
film-maker,twórca filmowy
filter,filtr
fine,Cienki
firearm,broń palna
firefighter,strażak
firework,fajerwerk
firm,solidny
firmly,mocno
fit,pasować
fixture,osprzęt
flavour,smak
flaw,wada
flawed,wadliwe
flee,uciec
fleet,flota
flesh,ciało
flexibility,elastyczność
flourish,zakrętas
fluid,płyn
fond,czuły
fool,głupiec
footage,materiał filmowy
forbid,zakazać
forecast,prognoza
foreigner,cudzoziemiec
forge,kuźnia
format,format
formation,tworzenie
formerly,dawniej
formula,formuła
formulate,formułować
forth,naprzód
forthcoming,nadchodzący
fortunate,szczęśliwy
forum,forum
fossil,skamieniałość
foster,pielęgnować
foundation,fundacja
founder,założyciel
fraction,frakcja
fragile,kruchy
fragment,fragment
framework,struktura
franchise,koncesja
frankly,szczerze mówiąc
fraud,oszustwo
freely,swobodnie
frequent,częsty
frustrated,udaremniony
frustrating,denerwujący
frustration,udaremnienie
fulfil,spełniać
full-time,Pełny etat
functional,funkcjonalny
fundamentally,zasadniczo
fundraising,zbieranie funduszy
funeral,pogrzeb
furious,wściekły
gallon,galon
gambling,hazard
gaming,hazard
gathering,zgromadzenie
gay,Gay
gaze,spojrzenie
gear,bieg 
gender,płeć
gene,gen
generic,ogólny
genetic,genetyczny
genius,geniusz
genocide,ludobójstwo
genuine,prawdziwy
genuinely,prawdziwie
gesture,gest
gig,koncert
glance,zerknąć
glimpse,dojrzeć
globalization,globalizacja
globe,glob
glorious,wspaniały
glory,chwała
golden,złoty
goodness,dobroć
gorgeous,przepiękny
governance,rządzenie
governor,gubernator
grace,łaska
graphic,graficzny
graphics,grafika
grasp,chwyt
grave,grób
gravity,powaga
greatly,bardzo
greenhouse,szklarnia
grid,siatka
grief,smutek
grin,szeroki uśmiech
grind,mielić
grip,chwyt
grocery,sklep spożywczy
guerrilla,partyzant
guidance,przewodnictwo
guideline,Wytyczne
guilt,wina
gut,jelito
habitat,siedlisko
hail,grad
halfway,wpół
halt,postój
handful,garść
handling,obsługiwanie
handy,poręczny
harassment,molestowanie
harbour,port
hardware,sprzęt komputerowy
harmony,harmonia
harsh,szorstki
harvest,zbiór
hatred,nienawiść
haunt,straszyć
hazard,zaryzykować
headquarters,siedziba
heal,leczyć
healthcare,opieka zdrowotna
heighten,podnieść
helmet,kask
hence,stąd
herb,ziele
heritage,dziedzictwo
hidden,ukryty
hierarchy,hierarchia
high-profile,głośno
highway,autostrada
hilarious,zabawny
hint,wskazówka
hip,biodro
historian,historyk
homeland,ojczyzna
homeless,bezdomny
honesty,uczciwość
hook,hak
hopeful,pełen nadziei
hopefully,miejmy nadzieję
horizon,horyzont
horn,klakson
hostage,zakładnik
hostile,wrogi
hostility,wrogość
humanitarian,humanitarny
humanity,ludzkość
humble,pokorny
hunger,głód
hydrogen,wodór
hypothesis,hipoteza
icon,ikona
identical,identyczny
identification,identyfikacja
ideological,ideologiczny
ideology,ideologia
idiot,idiota
ignorance,ignorancja
illusion,iluzja
imagery,obrazowość
immense,ogromny
immigration,imigracja
imminent,nadciągający
immune,odporny
implement,narzędzie
implementation,realizacja
implication,implikacja
imprison,uwięzić
imprisonment,uwięzienie
inability,niemożność
inadequate,niewystarczający
inappropriate,nieodpowiedni
incentive,zachęta
incidence,zakres
inclined,skłonny
inclusion,włączenie
incorporate,włączać
incorrect,błędny
incur,ponieść
independence,niezależność
index,indeks
indication,wskazanie
indicator,wskaźnik
indictment,akt oskarżenia
indigenous,rdzenny
induce,spowodować
indulge,pobłażać
inequality,nierówność
inevitable,nieunikniony
infamous,niesławny
infant,niemowlę
infect,infekować
infer,wywnioskować
inflation,inflacja
inflict,zadać
influential,wpływowy
info,informacje
infrastructure,infrastruktura
inhabitant,mieszkaniec
inherent,nieodłączny
inherit,dziedziczyć
inhibit,hamować
initiate,zainicjować
inject,wstrzykiwać
injection,zastrzyk
injustice,niesprawiedliwość
ink,atrament
inmate,więzień
innovation,innowacja
innovative,Innowacyjny
input,wejście
insert,wstawić
insertion,wprowadzenie
insider,wtajemniczony
inspect,sprawdzać
inspection,kontrola
inspector,inspektor
inspiration,inspiracja
installation,instalacja
instant,natychmiastowy
instantly,natychmiast
instinct,instynkt
institutional,instytucjonalny
instruct,polecić
instrumental,instrumentalny
insufficient,niewystarczający
insult,znieważenie
intact,nienaruszony
intake,wlot
integral,całka
integrate,zintegrować
integrated,zintegrowany
integration,integracja
integrity,uczciwość
intellectual,intelektualny
intensify,zintensyfikować
intensity,intensywność
intensive,intensywny
intent,zamiar
interact,antrakt
interaction,wzajemne oddziaływanie
interactive,interaktywny
interface,interfejs
interfere,ingerować
interference,ingerencja
interim,okres przejściowy
interior,wnętrze
intermediate,mediator
interpretation,interpretacja
interval,interwał
intervene,interweniować
intervention,interwencja
intimate,intymny
intriguing,intrygancki
invade,najechać
invasion,inwazja
investigator,badacz
investor,inwestor
invisible,niewidzialny
invoke,odwołać się
involvement,uwikłanie
ironic,ironiczny
ironically,ironicznie
irony,ironia
irrelevant,nieistotny
isolate,izolować
isolated,odosobniony
isolation,izolacja
jail,więzienie
jet,strumień
joint,wspólny
journalism,dziennikarstwo
judicial,sądowy
junction,węzeł
jurisdiction,jurysdykcja
jury,jury
just,Tylko
justification,uzasadnienie
kidnap,porwać kogoś
kidney,nerka
kingdom,królestwo
kit,zestaw
lad,chłopak
ladder,drabina
landing,lądowanie
landlord,gospodarz
landmark,punkt orientacyjny
lane,uliczka
lap,okrążenie
large-scale,duża skala
laser,laser
lately,ostatnio
latter,końcowy
lawn,trawnik
lawsuit,proces sądowy
layout,układ
leaflet,ulotka
leak,przeciek
leap,skok
legacy,dziedzictwo
legend,legenda
legendary,legendarny
legislation,ustawodawstwo
legislative,ustawodawczy
legislature,legislatura
legitimate,prawowity
lengthy,przydługi
lens,obiektyw
lesbian,lesbijka
lesser,pomniejszy
lethal,śmiertelny
liable,podatny
liberal,liberał
liberation,oswobodzenie
liberty,wolność
license,licencja
lifelong,trwający całe życie
lifetime,życie
lighting,oświetlenie
likelihood,prawdopodobieństwo
likewise,podobnie
limb,kończyna
limitation,ograniczenie
line-up,skład
linear,liniowy
linger,marudzić
listing,wymienianie kolejno
literacy,umiejętność czytania i pisania
literally,dosłownie
literary,literacki
litre,litr
litter,śmieci
liver,wątroba
lobby,lobby
log,dziennik
logic,logika
logo,logo
long-standing,Długotrwały
long-time,Długoletnie
loom,warsztat tkacki
loop,pętla
lottery,loteria
loyal,wierny
loyalty,lojalność
lyric,liryczny
machinery,maszyneria
magical,magiczny
magistrate,sędzia
magnetic,magnetyczny
magnificent,wspaniały
magnitude,ogrom
mainland,kontynent
mainstream,główny nurt
maintenance,konserwacja
major,główny
make-up,makijaż
making,zrobienie
mandate,mandat
mandatory,obowiązkowy
manifest,oczywisty
manipulate,manipulować
manipulation,manipulacja
manufacture,produkcja
manufacturing,produkcja
manuscript,rękopis
marathon,maraton
march,marzec
margin,margines
marginal,marginalny
marine,morski
marker,znacznik
marketplace,rynek
martial,wojenny
mask,maska
massacre,masakra
mate,kumpel
mathematical,matematyczny
mature,dojrzały
maximize,wyolbrzymiać
mayor,burmistrz
meaningful,znaczący
meantime,w międzyczasie
mechanic,mechanik
mechanical,mechaniczny
mechanism,mechanizm
medal,medal
medication,lek
medieval,średniowieczny
meditation,medytacja
melody,melodia
membership,członkostwo
memo,notatka
memoir,rozprawa
memorable,niezapomniany
memorial,memoriał
mentor,mentor
merchant,kupiec
mercy,miłosierdzie
mere,sam
merely,zaledwie
merge,łączyć
merger,połączenie
merit,zasługa
metaphor,metafora
methodology,metodologia
midst,środek
migration,emigracja
militant,wojowniczy
militia,milicja
mill,młyn
miner,górnik
minimal,minimalny
minimize,zminimalizować
mining,górnictwo
ministry,ministerstwo
minute,chwila
miracle,cud
miserable,nieszczęśliwy
misery,nędza
misleading,zwodniczy
missile,pocisk
mob,tłum
mobility,ruchliwość
mobilize,zmobilizować
mode,tryb
moderate,umiarkowany
modest,skromny
modification,modyfikacja
momentum,pęd
monk,mnich
monopoly,monopol
monster,potwór
monthly,miesięczny
monument,pomnik
morality,moralność
moreover,ponadto
mortgage,hipoteka
mosque,meczet
motion,ruch
motivate,motywować
motivation,motywacja
motive,motyw
motorist,kierowca
moving,poruszający
municipal,komunalny
mutual,wzajemne
myth,mit
naked,nagi
namely,mianowicie
nasty,paskudny
nationwide,ogólnonarodowy
naval,morski
navigation,nawigacja
nearby,w pobliżu
necessity,konieczność
neglect,zaniedbanie
negotiate,pertraktować
negotiation,negocjacja
neighbouring,sąsiedni
nest,gniazdo
net,internet
neutral,neutralny
newly,nowo
newsletter,biuletyn
niche,nisza
noble,szlachetny
nod,ukłon
nominate,mianować
nomination,nominacja
nominee,nominat
non-profit,niedochodowy
nonetheless,niemniej jednak
nonsense,nonsens
noon,południe
norm,norma
notable,znaczny
notably,szczególnie
notebook,zeszyt
notify,notyfikować
notorious,notoryczny
novel,powieść
novelist,powieściopisarz
nowadays,Obecnie
nursery,żłobek
nursing,pielęgniarstwo
nutrition,odżywianie
obesity,otyłość
objection,sprzeciw
oblige,zobowiązać
observer,obserwator
obsess,prześladować
obsession,obsesja
obstacle,przeszkoda
occasional,okolicznościowy
occupation,zawód
occupy,zająć
occurrence,występowanie
odds,szanse
offender,przestępca
offering,ofiara
offspring,potomstwo
ongoing,bieżący
openly,otwarcie
opera,opera
operational,operacyjny
operator,operator
opt,optować
optical,optyczny
optimism,optymizm
optimistic,optymistyczny
oral,doustny
orchestra,orkiestra
organic,organiczny
organizational,organizacyjny
orientation,orientacja
originate,pochodzić
outbreak,wybuch
outfit,strój
outing,wypad
outlet,wylot
outlook,perspektywy
output,wyjście
outrage,skandal
outsider,outsider
outstanding,wybitny
overcome,pokonać
overlook,przeoczyć
overly,zbyt
overnight,nocny
overseas,za granicą
oversee,nadzorować
overturn,obalić
overwhelm,zasypać
overwhelming,przytłaczający
ownership,własność
oxygen,tlen
packet,paczka
pad,podkładka
palm,palma
panic,panika
parade,parada
parallel,równoległy
parameter,parametr
parental,rodzicielski
parish,parafialny
parliamentary,parlamentarny
part-time,niepełny etat
partial,częściowy
partially,częściowo
participation,udział
partnership,współpraca
passing,przechodzący
passionate,namiętny
passive,pasywny
password,hasło
pastor,pastor
patch,skrawek
patent,patent
pathway,ścieżka
patience,cierpliwość
patrol,patrol
patron,patron
pause,pauza
peak,szczyt
peasant,chłop
peculiar,osobliwy
peer,rówieśnik
penalty,kara
perceive,postrzegać
perception,postrzeganie
permanently,na stałe
persist,trwać
persistent,uporczywy
personnel,personel
petition,petycja
philosopher,filozof
philosophical,filozoficzny
physician,lekarz
pill,pigułka
pioneer,pionier
pipeline,rurociąg
pirate,pirat
pit,dół
pity,szkoda
placement,umieszczenie
plea,zarzut
plead,błagać
pledge,zastaw
plug,wtyczka
plunge,wpaść
pole,Polak
poll,głosowanie
pond,staw
pop,muzyka pop
portfolio,teczka
portion,część
portray,przedstawiać
post-war,powojenny
postpone,odłożyć
potentially,potencjalnie
practitioner,praktykujący
preach,kazanie
precede,poprzedzać
precedent,precedens
precious,cenny
precise,dokładny
precisely,dokładnie
precision,precyzja
predator,drapieżnik
predecessor,poprzednik
predictable,możliwy do przewidzenia
predominantly,przeważnie
preference,pierwszeństwo
pregnancy,ciąża
prejudice,uprzedzenie
preliminary,wstępny
premier,premier
premise,przesłanka
premium,premia
prescribe,przepisać
prescription,recepta
presently,obecnie
preservation,ochrona
preside,przewodniczyć
presidency,przewodnictwo
presidential,prezydencki
prestigious,prestiżowy
presumably,prawdopodobnie
presume,przypuszczać
prevail,panować
prevalence,rozpowszechnienie
prevention,zapobieganie
prey,ofiara
pride,duma
primarily,głównie
principal,główny
prior,wcześniejszy
privatization,prywatyzacja
privilege,przywilej
probability,prawdopodobieństwo
probable,prawdopodobny
probe,sonda
problematic,problematyczny
proceed,przystępować
proceeding,postępowanie
proceeds,dochód
processing,przetwarzanie
processor,edytor
proclaim,głosić
productive,produktywny
productivity,wydajność
profitable,opłacalny
profound,głęboki
programming,programowanie
progressive,progresywny
prohibit,zakazać
projection,występ
prominent,znaczący
promising,obiecujący
promotion,promocja
prompt,podpowiedź
pronounced,wyraźny
propaganda,propaganda
proportion,proporcja
proposition,propozycja
prosecute,zaskarżyć
prosecution,oskarżenie
prosecutor,oskarżyciel
prospective,spodziewany
prosperity,dobrobyt
protective,ochronny
protein,białko
protester,protestujący
protocol,protokół
province,województwo
provincial,prowincjonalny
provision,zaopatrzenie
provoke,sprowokować
psychiatric,psychiatryczny
psychological,psychologiczny
publicity,reklama
publishing,wydawniczy
pulse,puls
pump,pompa
punch,dziurkacz
punk,punk
purely,czysto
pursuit,pościg
puzzle,puzzle
query,zapytanie
quest,poszukiwanie
questionnaire,kwestionariusz
quota,kontyngent
racial,rasowy
racism,rasizm
racist,rasistowski
radar,radar
radiation,promieniowanie
radical,rodnik
rage,wściekłość
raid,nalot
rail,kolej
rally,rajd
random,losowy
ranking,zaszeregowanie
rape,rzepak
rat,szczur
rating,ocena
ratio,stosunek
rational,racjonalny
ray,promień
readily,łatwo
realization,realizacja
realm,królestwo
rear,tył
reasonably,rozsądnie
reasoning,rozumowanie
reassure,uspokajać
rebel,buntownik
rebellion,bunt
rebuild,odbudować
receiver,odbiornik
recession,recesja
recipient,odbiorca
reckon,myśleć
recognition,uznanie
reconstruction,rekonstrukcja
recount,opowiadać
recovery,powrót do zdrowia
recruit,rekrut
recruitment,rekrutacja
referee,sędzia
referendum,referendum
reflection,odbicie
reform,reforma
refuge,schronienie
refugee,uchodźca
refusal,odmowa
regain,wracać
regardless,mimo wszystko
regime,reżim
registration,rejestracja
regulate,regulować
regulator,regulator
regulatory,regulacyjny
rehabilitation,rehabilitacja
reign,królować
reinforce,wzmacniać
rejection,odrzucenie
relevance,znaczenie
reliability,niezawodność
relieve,łagodzić : uśmierzać
relieved,odciążony
reluctant,niechętny
remainder,reszta
remains,pozostaje
remarkable,niezwykły
remarkably,wybitnie
remedy,zaradzić
reminder,przypomnienie
removal,usuwanie
render,oddać
renew,odnowić
renowned,słynny
rental,dzierżawa
replacement,wymiana
reportedly,podobno
reporting,raportowanie
representation,reprezentacja
reproduce,reprodukować
reproduction,reprodukcja
republic,republika
resemble,być podobnym
reside,zamieszkać
residence,rezydencja
residential,mieszkaniowy
residue,pozostałość
resign,rezygnować
resignation,rezygnacja
resistance,opór
resolution,rezolucja
respective,poszczególny
respectively,odpowiednio
restoration,przywrócenie
restore,przywrócić
restraint,powściągliwość
restrict,ograniczać
restriction,ograniczenie
resume,wznawiać
retail,sprzedaż detaliczna
retirement,emerytura
retreat,rekolekcje
retrieve,odzyskać
revelation,objawienie
revenge,zemsta
revenue,przychód
reverse,odwracać
revision,rewizja
revival,odrodzenie
revive,wskrzesić
revolutionary,rewolucyjny
rhetoric,retoryka
ridiculous,śmieszny
rifle,karabin
riot,zamieszki
rip,rozerwać
risky,ryzykowny
ritual,rytuał
rival,rywalizować
rob,obrabować
robbery,rozbój
robust,solidny
rock,głaz
rocket,rakieta
rod,pręt
romance,romans
rose,róża
rotate,obracać
rotation,obrót
roughly,mniej więcej
ruin,ruina
ruling,rządzący
rumour,plotka
sack,worek
sacred,poświęcony
sacrifice,poświęcenie
saint,święty
sake,powód
sanction,sankcja
satisfaction,zadowolenie
say,mowić
scandal,skandal
scare,przestraszyć
scattered,rozsiany
scenario,scenariusz
sceptical,sceptyczny
scholar,uczony
scholarship,stypendium
scope,zakres
scratch,zadrapanie
screening,ekranizacja
screw,śruba
scrutiny,obserwacja
seal,foka
secular,świecki
seeker,Poszukiwacz
seemingly,pozornie
segment,segment
seize,chwycić
seldom,rzadko
selective,selektywny
seminar,seminarium
senator,senator
sensation,uczucie
sensitivity,wrażliwość
sentiment,sentyment
separation,rozdzielenie
serial,seryjny
set-up,organizować coś
settlement,osada
settler,osadnik
severely,surowo
sexuality,seksualność
sexy,seksowny
shaped,kształt
shareholder,akcjonariusz
shatter,roztrzaskać
shed,szopa
sheer,zwykły
shipping,wysyłka
shocking,wstrząsający
shoot,strzelać
shore,brzeg
short-term,krótkoterminowe
shortage,brak
shortly,wkrótce
shrink,kurczyć się
shrug,wzruszać ramionami
sibling,rodzeństwo
sigh,westchnienie
signature,podpis
significance,znaczenie
simulate,symulować
simulation,symulacja
simultaneously,jednocześnie
sin,grzech
situated,położony
sketch,naszkicować
skilled,wykwalifikowany
skip,pominąć
skull,czaszka
slam,zatrzasnąć
slap,policzkować
slash,ciąć
slavery,niewolnictwo
slogan,slogan
slot,szczelina
smash,rozbić
snap,pstryknąć
so-called,tak zwane
soak,moczyć
soar,szybować
socialist,socjalista
sole,podeszwa
solely,wyłącznie
solicitor,adwokat
solidarity,solidarność
solo,solo
somehow,jakoś
sometime,kiedyś
sophisticated,wyrafinowany
sound,dźwięk
sovereignty,suwerenność
spam,Spam
span,przęsło
spare,zapasowy
spark,iskra
specialize,specjalizować
specialized,wyspecjalizowane
specification,specyfikacja
specify,sprecyzować
specimen,próbka
spectacle,spektakl
spectacular,spektakularny
spectator,widz
spectrum,widmo
speculate,spekulować
speculation,spekulacja
spell,zaklęcie
sphere,kula
spill,wylać
spin,kręcić się
spine,kręgosłup
spite,uraza
spoil,zepsuć
spokesman,rzecznik
spokesperson,rzecznik
spokeswoman,Rzeczniczka
sponsorship,Sponsoring
sporting,sportowy
spotlight,reflektor
spouse,współmałżonek
spy,szpieg
squad,drużyna
squeeze,ściśnięcie
stab,zasztyletować
stability,stabilność
stabilize,ustabilizować
stake,stawka
stall,stoisko
stance,pozycja sportowa
standing,na stojąco
stark,sztywny
starve,głodować
statistical,statystyczny
steadily,stale
steam,para
steer,sterować
stem,trzon
stereotype,stereotyp
stimulate,stymulować
stimulus,bodziec
stir,zamieszać
storage,składowanie
straightforward,prosty
strain,napięcie
strand,pasmo
strategic,strategiczny
strengthen,wzmacniać
strictly,rygorystycznie
striking,uderzający
strip,pas
strive,starać się
stroke,udar
structural,strukturalny
stumble,potknąć się
stun,oszołomić
stunning,zachwycający
submission,przedłożona praca
subscriber,abonent
subscription,prenumerata
subsequent,późniejszy
subsequently,następnie
subsidy,subsydium
substantial,istotny
substantially,istotnie
substitute,zastąpić
substitution,podstawienie
subtle,subtelny
suburb,przedmieście
suburban,podmiejski
succession,dziedziczenie
successive,kolejny
successor,następca
suck,ssać
sue,pozwać
suffering,cierpienie
sufficient,wystarczający
sufficiently,wystarczająco
suicide,samobójstwo
suite,apartament
summit,szczyt
super,Super
superb,wspaniały
superior,znakomity
supervise,dozorować
supervision,nadzór
supervisor,kierownik
supplement,uzupełnienie
supportive,wspierający
supposedly,rzekomo
suppress,stłumić
supreme,najwyższy
surge,wzrost
surgeon,chirurg
surgical,chirurgiczny
surplus,nadwyżka
surrender,poddać się
surveillance,nadzór
survival,przetrwanie
survivor,niedobitek
suspend,wstrzymać
suspension,zawieszenie
suspicion,podejrzenie
suspicious,podejrzany
sustain,podtrzymywać
sustainable,zrównoważony
swallow,połykać
swing,huśtać się
sword,miecz
symbolic,symboliczny
sympathetic,sympatyczny
syndrome,zespół
synthesis,synteza
systematic,systematyczny
tackle,przybory
tactic,taktyka
tactical,taktyczny
tag,etykietka
tap,uzyskiwać
taxpayer,podatnik
technological,techniczny
teens,wiek dojrzewania
temple,świątynia
temporarily,tymczasowo
tempt,kusić
tenant,najemca
tendency,tendencja
tender,miękki
tension,napięcie
tenure,tenuta
terminal,terminal
terminate,zakończyć
terms,warunki
terrain,teren
terribly,niemożliwie
terrific,wspaniały
terrify,przerazić
territory,terytorium
terror,terror
terrorism,terroryzm
terrorist,terrorysta
testify,świadczyć
testimony,świadectwo
testing,Testowanie
textbook,podręcznik
texture,tekstura
thankfully,Na szczęście
theatrical,teatralny
theft,kradzież
theology,teologia
theoretical,teoretyczny
therapist,terapeuta
thereafter,od tego czasu
thereby,skutkiem tego
thesis,praca
thorough,dokładny
thoroughly,dokładnie
thought-provoking,Prowokowanie do myślenia
thoughtful,przemyślany
thread,nitka
threshold,próg
thrilled,zachwycony
thrive,prosperować
thumb,kciuk
tide,fala
tighten,dokręcać
timber,drewno
timely,aktualny
timing,chronometraż
tissue,tkanka
tobacco,tytoń
tolerance,tolerancja
tolerate,tolerować
toll,myto
ton,tona
tonne,ton
top,szczyt
torture,torturować
toss,podrzucenie
total,całkowity
tournament,turniej
toxic,toksyczny
trace,namierzać
trademark,znak firmowy
trading,handlowy
tragedy,tragedia
tragic,tragiczny
trail,ścieżka
trailer,przyczepa
trait,cecha
transaction,transakcja
transcript,transkrypcja
transformation,transformacja
transit,tranzyt
transmission,przenoszenie
transmit,przekazać
transparency,przezroczystość
transparent,przezroczysty
transportation,transport
trap,pułapka
trauma,uraz
treasure,skarb
treaty,traktat
tremendous,ogromny
tribal,plemienny
tribe,plemię
tribunal,trybunał
tribute,hołd
trigger,spust
trillion,bilion
trio,trio
triumph,triumf
troop,stado
trophy,trofeum
troubled,zmartwiony
trustee,powiernik
tsunami,Tsunami
tuition,czesne
turnout,okazać się
turnover,obrót
twist,twist
ultimate,ostateczny
unacceptable,gorszący
uncertainty,niepewność
undergo,przejść
undergraduate,student
underlying,zasadniczy
undermine,osłabiać
undertake,podjąć
undoubtedly,niewątpliwie
unfold,rozwijać się
unfortunate,niefortunny
unify,ujednolicić
unite,zjednoczyć
unity,jedność
universal,uniwersalny
unprecedented,bez precedensu
unveil,demaskować
upcoming,nadchodzące
upgrade,aktualizacja
uphold,podtrzymywać
urgent,pilny
usage,stosowanie
useless,bezużyteczny
utility,pożytek
utilize,wykorzystać
utterly,całkowicie
vacuum,próżnia
vague,niejasny
valid,ważny
validity,ważność
vanish,znikać
variable,zmienny
variation,zmiana
varied,urozmaicony
vein,żyła
venture,przedsięwzięcie
verbal,słowny
verdict,werdykt
verify,zweryfikować
verse,werset
versus,przeciw
vertical,pionowy
vessel,naczynie
veteran,weteran
viable,wykonalny
vibrant,wibrujący
vice,wice
vicious,podstępny
viewpoint,punkt widzenia
villager,wieśniak
violate,naruszać
violation,naruszenie
virtue,cnota
visa,wiza
visible,widoczny
vocal,wokal
voluntary,dobrowolny
voting,głosowanie
vow,ślub
vulnerability,wrażliwość
vulnerable,wrażliwy
wander,wędrować
ward,oddział
warehouse,magazyn
warfare,działania wojenne
warming,ogrzewanie
warrant,nakaz
warrior,wojownik
weaken,osłabiać
weave,splot
weed,chwast
weekly,tygodnik
weird,dziwny
welfare,zasiłek
well,Dobrze
well-being,dobre samopoczucie
whatsoever,cokolwiek
wheat,pszenica
whereby,za pomocą którego
whilst,podczas gdy
whip,bicz
whoever,ktokolwiek
wholly,całkowicie
widen,poszerzać
widespread,rozpowszechniony
widow,wdowa
width,szerokość
willingness,gotowość
wipe,wytrzeć
wisdom,mądrość
wit,dowcip
withdraw,wycofać
withdrawal,wycofanie
workforce,siła robocza
workout,ćwiczyć
workplace,miejsce pracy
workshop,warsztat
worm,robak
worship,cześć
worthwhile,wart
worthy,godny
wrist,nadgarstek
yell,krzyk
yield,dawać
youngster,młodzik
a,A
abandon,opuścić
ability,umiejętność
able,zdolny
about,o
above,powyżej
abroad,za granicą
absolute,absolutny
absolutely,absolutnie
academic,akademicki
accept,przyjąć
acceptable,do przyjęcia
access,dostęp
accident,wypadek
accommodation,zakwaterowanie
accompany,towarzyszyć
according to,według
account,konto
accurate,dokładny
accuse,oskarżać
achieve,osiągnąć
achievement,osiągnięcie
acknowledge,uznawać
acquire,nabywać
across,przez
act,działać
action,działanie
active,aktywny
activity,działalność
actor,aktor
actress,aktorka
actual,rzeczywisty
actually,Właściwie
ad,ogłoszenie
adapt,dostosować
add,dodać
addition,dodatek
additional,dodatkowy
address,adres
administration,administracja
admire,podziwiać
admit,przyznawać 
adopt,przyjąć
adult,dorosły
advance,osiągnięcie
advanced,zaawansowany
advantage,korzyść
adventure,przygoda
advertise,reklamować
advertisement,reklama
advertising,reklama
advice,rada
advise,radzić
affair,romans
affect,oddziaływać
afford,pozwalać
afraid,przestraszony
after,Po
afternoon,popołudnie
afterwards,następnie
again,Ponownie
against,przeciwko
age,wiek
aged,w wieku
agency,agencja
agenda,porządek obrad
agent,agent
aggressive,agresywny
ago,temu
agree,zgadzać się
agreement,porozumienie
ah,Ah
ahead,dalej
aid,pomoc
aim,cel
air,powietrze
aircraft,samolot
airline,linia lotnicza
airport,lotnisko
alarm,alarm
album,album
alcohol,alkohol
alcoholic,alkoholowy
alive,żywy
all,Wszystko
all right,W porządku
allow,umożliwić
almost,prawie
alone,sam
along,przed siebie
already,już
also,Również
alter,zmieniać
alternative,alternatywny
although,Chociaż
always,zawsze
amazed,zdziwiony
amazing,niesamowity
ambition,ambicja
ambitious,ambitny
among,wśród
amount,kwota
analyse,analizować
analysis,analiza
ancient,starożytny
and,I
anger,gniew
angle,kąt
angrily,gniewnie
angry,zły
animal,zwierzę
ankle,kostka
anniversary,rocznica
announce,ogłaszać
announcement,ogłoszenie
annoy,drażnić
annoyed,zirytowany
annoying,irytujący
annual,coroczny
another,inny
answer,odpowiedź
anxious,niespokojny
any,każdy
any more,nie więcej
anybody,ktoś
anyone,ktokolwiek
anything,wszystko
anyway,W każdym razie
anywhere,gdziekolwiek
apart,oprócz
apartment,apartament
apologize,przepraszać
app,App
apparent,pozorny
apparently,najwyraźniej
appeal,odwołanie
appear,pojawić się
appearance,wygląd
apple,jabłko
application,aplikacja
apply,stosować
appointment,spotkanie
appreciate,doceniać
approach,zbliżać się
appropriate,odpowiedni
approval,aprobata
approve,zatwierdzić
approximately,około
april,kwiecień
architect,architekt
architecture,architektura
area,obszar
argue,kłócić się 
argument,argument
arise,powstać
armed,uzbrojony
arms,herb
army,armia
around,wokół
arrange,zorganizować
arrangement,układ
arrest,aresztować
arrival,przyjazd
arrive,przyjechać
art,sztuka
article,artykuł
artificial,sztuczny
artist,artysta
artistic,artystyczny
as,Jak
ashamed,zawstydzony
ask,zapytać
asleep,we śnie
aspect,aspekt
assess,oceniać
assessment,ocena
assignment,zadanie
assist,wspierać
assistant,asystent
associate,współpracownik
associated,powiązany
association,stowarzyszenie
assume,przypuszczać
at,Na
athlete,sportowiec
atmosphere,atmosfera
attach,przytwierdzać
attack,atak
attempt,próba
attend,brać udział
attention,uwaga
attitude,postawa
attract,pociągać
attraction,atrakcja
attractive,atrakcyjny
audience,publiczność
august,sierpień
aunt,ciotka
author,autor
authority,władza
autumn,jesień
available,dostępny
average,przeciętny
avoid,unikać
award,nagroda
aware,świadomy
away,z dala
awful,okropny
baby,Dziecko
back,z powrotem
background,tło
backwards,wstecz
bacteria,bakteria
bad,zły
badly,źle
bag,torba
bake,upiec
balance,balansować
ball,piłka
ban,zakaz
banana,banan
band,zespół
bank,bank
bar,bar
barrier,bariera
base,opierać
baseball,baseball
based,na podstawie
basic,podstawowy
basically,zasadniczo
basis,podstawa
basketball,koszykówka
bath,wanna
bathroom,łazienka
battery,bateria
battle,bitwa
be,Być
beach,plaża
bean,fasola
bear,niedźwiedź
beat,pokonać
beautiful,Piękny
beauty,uroda
because,ponieważ
become,stać się
bed,łóżko
bedroom,sypialnia
bee,pszczoła
beef,wołowina
beer,piwo
before,zanim
beg,błagać
begin,zaczynać
beginning,początek
behave,zachowywać się
behaviour,zachowanie
behind,za
being,istnienie
belief,wiara
believe,uważać
bell,dzwonek
belong,przynależeć
below,poniżej
belt,pasek
bend,schylać się
benefit,korzyść
bent,zgięty
best,"to, co najlepsze"
bet,zakład
better,lepsza
between,między
beyond,poza
bicycle,rower
big,duży
bike,rower
bill,rachunek
billion,miliard
bin,kosz
biology,biologia
bird,ptak
birth,narodziny
birthday,urodziny
biscuit,suchar
bit,fragment
bite,ugryzienie
bitter,gorzki
black,czarny
blame,winić
blank,pusty
blind,ślepy
block,blok
blog,blog
blonde,blondynka
blood,krew
blue,niebieski
board,tablica
boat,łódź
body,ciało
boil,gotować
bomb,bomba
bond,obligacja
bone,kość
book,książka
boot,uruchomić
border,granica
bored,znudzony
boring,nudny
born,urodzić się
borrow,pożyczyć
boss,szef
both,Zarówno
bother,silić się
bottle,butelka
bottom,spód
bowl,miska
box,skrzynka
boy,chłopiec
boyfriend,sympatia
brain,mózg
branch,oddział
brand,marka
brave,odważny
bread,chleb
break,przerwa
breakfast,śniadanie
breast,pierś
breath,oddech
breathe,oddychać
breathing,oddechowy
bride,panna młoda
bridge,most
brief,krótki
bright,jasny
brilliant,genialny
bring,przynieść
broad,szeroki
broadcast,audycja
broken,złamany
brother,brat
brown,brązowy
brush,szczotka
bubble,bańka
budget,budżet
build,zbudować
building,budynek
bullet,kula
bunch,garść
burn,oparzenie
bury,pogrzebać
bus,autobus
bush,krzak
business,biznes
businessman,biznesmen
busy,zajęty
but,Ale
butter,masło
button,przycisk
buy,kupić
by,przez
bye,do widzenia
cable,kabel
cafe,kawiarnia
cake,ciasto
calculate,obliczać
call,dzwonić
calm,spokój
camera,kamera
camp,obóz
campaign,kampania
camping,kemping
campus,kampus
can,Móc
cancel,anulować
cancer,rak
candidate,kandydat
cannot,nie może
cap,czapka
capable,zdolny
capacity,pojemność
capital,kapitał
captain,kapitan
capture,schwytać
car,samochód
card,karta
care,pielęgnacja
career,kariera
careful,ostrożny
carefully,ostrożnie
careless,niedbały
carpet,dywan
carrot,marchew
carry,nosić
cartoon,rysunek
case,sprawa
cash,gotówka
cast,rzucać 
castle,zamek
cat,kot
catch,złapać
category,kategoria
cause,przyczyna
cd,płyta CD
ceiling,sufit
celebrate,świętować
celebration,uroczystość
celebrity,sława
cell,komórka
cent,cent
central,centralny
centre,centrum
century,wiek
ceremony,ceremonia
certain,niektórzy
certainly,z pewnością
chain,łańcuch
chair,krzesło
chairman,przewodniczący
challenge,wyzwanie
champion,mistrz
chance,szansa
change,zmiana
channel,kanał
chapter,rozdział
character,charakter
characteristic,charakterystyczny
charge,opłata
charity,organizacja pożytku publicznego
chart,wykres
chat,pogawędzić
cheap,tani
cheat,oszukiwać
check,sprawdzać
cheerful,wesoły
cheese,ser
chef,szef kuchni
chemical,chemiczny
chemistry,chemia
chest,klatka piersiowa
chicken,kurczak
chief,szef
child,dziecko
childhood,dzieciństwo
chip,żeton
chocolate,czekolada
choice,wybór
choose,wybierać
church,kościół
cigarette,papieros
cinema,kino
circle,koło
circumstance,okoliczność
cite,cytować
citizen,obywatel
city,miasto
civil,cywilny
claim,prawo
class,klasa
classic,klasyczny
classical,klasyczny
classroom,klasa
clause,klauzula
clean,czysty
clear,jasne
clearly,wyraźnie
clever,sprytny
click,trzask
client,klient
climate,klimat
climb,wspinać się
clock,zegar
close,zamknąć
closed,Zamknięte
closely,dokładnie
cloth,płótno
clothes,odzież
clothing,odzież
cloud,chmura
club,klub
clue,wskazówka
coach,trener
coal,węgiel
coast,wybrzeże
coat,płaszcz
code,kod
coffee,kawa
coin,moneta
cold,zimno
collapse,zawalić się
colleague,kolega z pracy
collect,zbierać
collection,kolekcja
college,kolegium
colour,kolor
coloured,kolorowy
column,kolumna
combination,połączenie
combine,łączyć
come,przychodzić
comedy,komedia
comfort,komfort
comfortable,wygodny
command,rozkaz
comment,komentarz
commercial,handlowy
commission,zamawiać
commit,popełniać
commitment,zobowiązanie
committee,komisja
common,wspólny
commonly,powszechnie
communicate,komunikować
communication,komunikacja
community,wspólnota
company,firma
compare,porównywać
comparison,porównanie
compete,konkurować
competition,konkurs
competitive,konkurencyjny
competitor,konkurent
complain,narzekać
complaint,skarga
complete,kompletny
completely,całkowicie
complex,złożony
complicated,skomplikowany
component,część
computer,komputer
concentrate,koncentrat
concentration,stężenie
concept,pojęcie
concern,obawa
concerned,zainteresowany
concert,koncert
conclude,zakończyć
conclusion,wniosek
condition,stan
conduct,prowadzić
conference,konferencja
confidence,zaufanie
confident,pewny siebie
confirm,potwierdzać
conflict,konflikt
confuse,pomylić
confused,zdezorientowany
confusing,mylące
connect,łączyć
connected,połączony
connection,połączenie
conscious,świadomy
consequence,konsekwencja
conservative,konserwatywny
consider,rozważać
consideration,namysł
consist,składać się
consistent,spójny
constant,stały
constantly,stale
construct,skonstruować
construction,budowa
consume,konsumować
consumer,konsument
contact,kontakt
contain,zawierać
container,pojemnik
contemporary,współczesny
contest,konkurs
context,kontekst
continent,kontynent
continue,Kontynuować
continuous,ciągły
contract,umowa
contrast,kontrast
contribute,brać w czymś udział
contribution,składka
control,kontrola
convenient,wygodny
conversation,rozmowa
convert,konwertować
convince,przekonać
convinced,przekonany
cook,kucharz
cooker,kuchenka
cooking,gotowanie
cool,Fajny
copy,kopia
core,rdzeń
corner,narożnik
corporate,zbiorowy
correct,prawidłowy
correctly,prawidłowo
cost,koszt
costume,kostium
cottage,domek
cotton,bawełna
could,mógł
council,rada
count,liczyć
country,kraj
countryside,wieś
county,hrabstwo
couple,para
courage,odwaga
course,kurs
court,sąd
cousin,kuzyn
cover,okładka
covered,pokryty
cow,krowa
crash,rozbić się
crazy,zwariowany
cream,krem
create,tworzyć
creation,tworzenie
creative,twórczy
creature,istota
credit,kredyt
crew,załoga
crime,przestępczość
criminal,przestępca
crisis,kryzys
criterion,kryterium
critic,krytyk
critical,krytyczny
criticism,krytyka
criticize,krytykować
crop,przyciąć
cross,przechodzić
crowd,tłum
crowded,zatłoczony
crucial,kluczowy
cruel,okrutny
cry,płakać
cultural,kulturalny
culture,kultura
cup,filiżanka
cupboard,szafka
cure,wyleczyć 
curly,kręcony
currency,waluta
current,aktualny
currently,obecnie
curtain,kurtyna
curve,krzywa
curved,zakrzywiony
custom,zwyczaj
customer,klient
cut,cięcie
cycle,cykl
dad,tata
daily,codziennie
damage,szkoda
dance,taniec
dancer,tancerz
dancing,taniec
danger,niebezpieczeństwo
dangerous,niebezpieczny
dark,ciemny
data,dane
date,data
daughter,córka
day,dzień
dead,martwy
deal,umowa
dear,Drogi
death,śmierć
debate,debata
debt,dług
decade,dekada
december,grudzień
decent,przyzwoity
decide,decydować
decision,decyzja
declare,ogłosić
decline,spadek
decorate,udekorować
decoration,dekoracja
decrease,zmniejszenie
deep,głęboko
deeply,głęboko
defeat,pokonać
defence,obrona
defend,bronić
define,określić
definite,określony
definitely,zdecydowanie
definition,definicja
degree,stopień
delay,opóźnienie
deliberate,celowy
deliberately,celowo
delicious,pyszne
delight,rozkosz
delighted,zachwycony
deliver,dostarczać
delivery,dostawa
demand,popyt
demonstrate,wykazać
dentist,dentysta
deny,zaprzeczyć
department,dział
departure,wyjazd
depend,zależeć
depressed,przygnębiony
depressing,przygnębiający
depth,głębokość
describe,opisać
description,opis
desert,pustynia
deserve,zasługiwać
design,projekt
designer,projektant
desire,pragnienie
desk,biurko
desperate,zdesperowany
despite,pomimo
destination,miejsce docelowe
destroy,zniszczyć
detail,szczegół
detailed,szczegółowy
detect,wykryć
detective,detektyw
determine,określić
determined,określony
develop,rozwijać
development,rozwój
device,urządzenie
diagram,diagram
dialogue,dialog
diamond,diament
diary,dziennik
dictionary,słownik
die,umierać
diet,dieta
difference,różnica
different,różny
differently,różnie
difficult,trudny
difficulty,trudność
dig,kopać
digital,cyfrowy
dinner,kolacja
direct,bezpośredni
direction,kierunek
directly,bezpośrednio
director,dyrektor
dirt,brud
dirty,brudny
disadvantage,niekorzyść
disagree,nie zgadzać się
disappear,zniknąć
disappointed,zawiedziony
disappointing,niezadowalający
disaster,katastrofa
disc,dysk
discipline,dyscyplina
discount,rabat
discover,odkryć
discovery,odkrycie
discuss,omówić
discussion,dyskusja
disease,choroba
dish,danie
dishonest,nieuczciwy
dislike,nie lubić
dismiss,odrzucać
display,wyświetlacz
distance,dystans
distribute,rozkładać
distribution,dystrybucja
district,dzielnica
divide,dzielić
division,dział
divorced,rozwiedziony
do,Do
doctor,lekarz
document,dokument
documentary,dokumentalny
dog,pies
dollar,dolar
domestic,domowy
dominate,zdominować
donate,podarować
door,drzwi
double,podwójnie
doubt,wątpliwość
down,w dół
download,pobierać
downstairs,na dole
downwards,ku dołowi
dozen,tuzin
draft,projekt
drag,ciągnąć
drama,dramat
dramatic,dramatyczny
draw,rysować
drawing,rysunek
dream,marzenie
dress,sukienka
dressed,ubrany
drink,drink
drive,prowadzić
driver,kierowca
drop,upuszczać
drug,lek
drum,bęben
drunk,pijany
dry,suchy
due,należny
during,podczas
dust,pył
duty,obowiązek
dvd,płyta DVD
each,każdy
ear,ucho
early,wczesny
earn,zarabiać
earth,ziemia
earthquake,trzęsienie ziemi
easily,łatwo
east,wschód
eastern,wschodni
easy,łatwy
eat,jeść
economic,gospodarczy
economy,gospodarka
edge,krawędź
edit,redagować
edition,wydanie
editor,redaktor
educate,kształcić
educated,wykształcony
education,edukacja
educational,edukacyjny
effect,efekt
effective,skuteczny
effectively,faktycznie
efficient,wydajny
effort,wysiłek
egg,jajko
eight,osiem
eighteen,osiemnaście
eighty,osiemdziesiąt
either,albo
elderly,osoby starsze
elect,elekt
election,wybór
electric,elektryczny
electrical,elektryczny
electricity,elektryczność
electronic,elektroniczny
element,element
elephant,słoń
eleven,jedenaście
else,w przeciwnym razie
elsewhere,gdzie indziej
email,e-mail
embarrassed,zażenowany
embarrassing,żenujący
emerge,pojawić się
emergency,nagły wypadek
emotion,emocja
emotional,emocjonalny
emphasis,podkreślenie
emphasize,podkreślić
employ,zatrudniać
employee,pracownik
employer,pracodawca
employment,zatrudnienie
empty,pusty
enable,włączać
encounter,spotkanie
encourage,przekonywać
end,koniec
ending,zakończenie
enemy,wróg
energy,energia
engage,angażować się
engaged,zaangażowany
engine,silnik
engineer,inżynier
engineering,inżynieria
enhance,zwiększyć
enjoy,Cieszyć się
enormous,ogromny
enough,wystarczająco 
enquiry,zapytanie
ensure,zapewnić
enter,Wchodzić
entertain,bawić się
entertainment,rozrywka
enthusiasm,entuzjazm
enthusiastic,entuzjastyczny
entire,cały
entirely,całkowicie
entrance,wejście
entry,wejście
environment,środowisko
environmental,środowiskowy
episode,epizod
equal,równy
equally,równie
equipment,sprzęt
error,błąd
escape,ucieczka
especially,zwłaszcza
essay,esej
essential,niezbędny
establish,tworzyć
estate,nieruchomość
estimate,oszacować
ethical,etyczny
euro,euro
evaluate,oceniać
even,nawet
evening,wieczór
event,wydarzenie
eventually,w końcu
ever,kiedykolwiek
every,każdy
everybody,wszyscy
everyday,codzienny
everyone,wszyscy
everything,wszystko
everywhere,wszędzie
evidence,dowód
evil,zło
exact,dokładny
exactly,Dokładnie
exam,egzamin
examination,badanie
examine,zbadać
example,przykład
excellent,doskonały
except,z wyjątkiem
exchange,giełda
excited,podekscytowany
excitement,podniecenie
exciting,ekscytujący
excuse,wymówka
executive,wykonawczy
exercise,ćwiczenia
exhibition,wystawa
exist,istnieć
existence,istnienie
expand,zwiększać
expect,oczekiwać
expectation,oczekiwanie
expected,oczekiwany
expedition,wyprawa
expense,koszt
expensive,drogi
experience,doświadczenie
experienced,doświadczony
experiment,eksperyment
expert,ekspert
explain,wyjaśnić
explanation,wyjaśnienie
explode,eksplodować
exploration,badanie
explore,badać
explosion,eksplozja
export,eksport
expose,ujawnić
express,wyrazić
expression,wyrażenie
extend,rozszerzyć
extent,zakres
external,zewnętrzny
extra,dodatkowy
extraordinary,nadzwyczajny
extreme,skrajny
extremely,niezwykle
eye,oko
face,twarz
facility,obiekt
fact,fakt
factor,czynnik
factory,fabryka
fail,ponieść porażkę
failure,awaria
fair,sprawiedliwy
fairly,raczej
faith,wiara
fall,jesień
FALSE,FAŁSZ
familiar,znajomy
family,rodzina
famous,słynny
fan,wentylator
fancy,wymyślny
fantastic,fantastyczny
far,daleko
farm,gospodarstwo
farmer,rolnik
farming,rolnictwo
fascinating,fascynujący
fashion,moda
fashionable,modny
fast,szybko
fasten,zapiąć
fat,tłuszcz
father,ojciec
fault,wada
favour,przychylność
favourite,ulubiony
fear,strach
feather,pióro
feature,funkcja
february,Luty
fee,opłata
feed,karmić
feedback,informacja zwrotna
feel,czuć
feeling,uczucie
fellow,kolega
female,Kobieta
fence,ogrodzenie
festival,festiwal
few,kilka
fiction,fikcja
field,pole
fifteen,piętnaście
fifth,piąty
fifty,pięćdziesiąt
fight,walka
fighting,walczący
figure,postać
file,plik
fill,wypełnić
film,film
final,finał
finally,Wreszcie
finance,finanse
financial,budżetowy
find,znajdować
finding,odkrycie
finger,palec
finish,skończyć
fire,ogień
first,Pierwszy
firstly,Po pierwsze
fish,ryba
fishing,rybacki
fitness,zdatność
five,pięć
fix,naprawić
fixed,naprawił
flag,flaga
flame,płomień
flash,błysk
flat,płaski
flexible,elastyczny
flight,lot
float,platforma
flood,powódź
floor,podłoga
flour,mąka
flow,przepływ
flower,kwiat
flu,grypa
fly,latać
flying,latający
focus,centrum
fold,zginać
folding,składanie
folk,ludowy
follow,podążać
following,następny
food,żywność
foot,stopa
football,piłkarski
for,Do
force,siła
foreign,zagraniczny
forest,las
forever,na zawsze
forget,zapominać
forgive,przebaczyć
fork,widelec
form,formularz
formal,formalny
former,dawny
fortunately,Na szczęście
fortune,fortuna
forty,czterdzieści
forward,do przodu
found,znaleziony
four,cztery
fourteen,czternaście
fourth,czwarty
frame,rama
free,bezpłatny
freedom,wolność
freeze,zamrażać
frequency,częstotliwość
frequently,często
fresh,świeży
friday,piątek
fridge,lodówka
friend,przyjaciel
friendly,przyjazny
friendship,przyjaźń
frighten,straszyć
frightened,przestraszony
frightening,przerażający
frog,żaba
from,z
front,przód
frozen,mrożony
fruit,owoc
fry,smażyć
fuel,paliwo
full,pełny
fully,w pełni
fun,zabawa
function,funkcjonować
fund,fundusz
fundamental,podstawowy
funding,Finansowanie
funny,śmieszny
fur,futro
furniture,meble
further,dalej
furthermore,ponadto
future,przyszły
gain,osiągać
gallery,galeria
game,gra
gang,gang
gap,luka
garage,garaż
garden,ogród
gas,gaz
gate,brama
gather,zebrać
general,ogólny
generally,ogólnie
generate,spowodować
generation,generacja
generous,hojny
genre,genre
gentle,delikatny
gentleman,pan
geography,geografia
get,Dostawać
ghost,duch
giant,gigant
gift,prezent
girl,dziewczyna
girlfriend,przyjaciółka
give,dawać
glad,zadowolony
glass,szkło
global,światowy
glove,rękawica
go,Iść
goal,bramka
god,Bóg
gold,złoto
golf,golf
good,Dobry
goodbye,do widzenia
goods,towary
govern,rządzić
government,rząd
grab,złapać
grade,stopień
gradually,stopniowo
graduate,absolwent
grain,ziarno
grand,wielki
grandfather,dziadek
grandmother,babcia
grandparent,dziadek
grant,dotacja
grass,trawa
grateful,wdzięczny
great,Świetnie
green,zielony
greet,powitać
grey,szary
ground,grunt
group,grupa
grow,rosnąć
growth,wzrost
guarantee,gwarancja
guard,strażnik
guess,zgadywać
guest,gość
guide,przewodnik
guilty,winny
guitar,gitara
gun,pistolet
guy,facet
gym,sala gimnastyczna
habit,nawyk
hair,włosy
half,połowa
hall,hala
hand,ręka
handle,uchwyt
hang,powiesić
happen,stać się
happily,szczęśliwie
happiness,szczęście
happy,szczęśliwy
hard,twardy
hardly,ledwie
harm,szkoda
harmful,szkodliwy
hat,kapelusz
hate,nienawidzić
have,Posiadać
have to,musieć
he,On
head,głowa
headache,ból głowy
headline,nagłówek
health,zdrowie
healthy,zdrowy
hear,słyszeć
hearing,przesłuchanie
heart,serce
heat,ciepło
heating,ogrzewanie
heaven,niebo
heavily,mocno
heavy,ciężki
heel,obcas
height,wysokość
helicopter,śmigłowiec
hell,piekło
hello,Witam
help,pomoc
helpful,pomocny
her,jej
here,Tutaj
hero,bohater
hers,jej
herself,się
hesitate,wahać się
hey,Hej
hi,Cześć
hide,ukrywać
high,wysoki
highlight,atrakcja
highly,wysoko
hill,wzgórze
him,jego
himself,się
hire,wynajmować
his,jego
historic,historyczny
historical,historyczny
history,historia
hit,uderzyć
hobby,hobby
hockey,hokej
hold,trzymać
hole,otwór
holiday,wakacje
hollow,dziurawy
holy,święty
home,dom
homework,praca domowa
honest,uczciwy
honour,honor
hope,mieć nadzieję
horrible,straszny
horror,przerażenie
horse,koń
hospital,szpital
host,gospodarz
hot,gorący
hotel,hotel
hour,godzina
house,dom
household,gospodarstwo domowe
housing,mieszkania
how,Jak
however,Jednakże
huge,ogromny
human,człowiek
humorous,humorystyczny
humour,humor
hundred,sto
hungry,głodny
hunt,polowanie
hunting,polowanie
hurricane,huragan
hurry,spieszyć się
hurt,zraniony
husband,mąż
i,I
ice,lód
ice cream,lody
idea,pomysł
ideal,ideał
identify,zidentyfikować
identity,tożsamość
if,Jeśli
ignore,ignorować
ill,chory
illegal,nielegalny
illness,choroba
illustrate,zilustrować
illustration,ilustracja
image,obraz
imaginary,wyimaginowany
imagination,wyobraźnia
imagine,wyobrażać sobie
immediate,natychmiastowy
immediately,natychmiast
immigrant,imigrant
impact,uderzenie
impatient,niecierpliwy
imply,sugerować
import,import
importance,znaczenie
important,ważny
impose,narzucać
impossible,niemożliwe
impress,piętno
impressed,pod wrażeniem
impression,wrażenie
impressive,imponujący
improve,poprawić
improvement,poprawa
in,W
inch,cal
incident,incydent
include,włączać
included,dołączony
including,w tym
income,dochód
increase,zwiększyć
increasingly,coraz częściej
incredible,niesamowity
incredibly,niesamowicie
indeed,Rzeczywiście
independent,niezależny
indicate,wskazać
indirect,pośredni
individual,indywidualny
indoor,wnętrz
indoors,w domu
industrial,przemysłowy
industry,przemysł
infection,zakażenie
influence,wpływ
inform,poinformować
informal,nieformalny
information,informacja
ingredient,składnik
initial,wstępny
initially,początkowo
initiative,inicjatywa
injure,szkodzić
injured,ranny
injury,obrażenia
inner,wewnętrzny
innocent,niewinny
insect,owad
inside,wewnątrz
insight,wgląd
insist,nalegać
inspire,inspirować
install,zainstalować
instance,przykład
instead,Zamiast
institute,instytut
institution,instytucja
instruction,instrukcja
instructor,instruktor
instrument,instrument
insurance,ubezpieczenie
intelligence,inteligencja
intelligent,inteligentny
intend,zamierzać
intended,przeznaczony
intense,intensywny
intention,zamiar
interest,odsetki
interested,zainteresowany
interesting,ciekawy
internal,wewnętrzny
international,międzynarodowy
internet,Internet
interpret,interpretować
interrupt,przerywać
interview,wywiad
into,do
introduce,wprowadzić
introduction,wstęp
invent,wynaleźć
invention,wynalazek
invest,inwestować
investigate,zbadać
investigation,dochodzenie
investment,inwestycja
invitation,zaproszenie
invite,zapraszać
involve,zaangażować
involved,zaangażowany
iron,żelazo
island,wyspa
issue,wydanie
it,To
item,przedmiot
its,jego
itself,się
jacket,kurtka
jam,dżem
january,Styczeń
jazz,jazz
jeans,dżinsy
jewellery,biżuteria
job,stanowisko
join,dołączyć
joke,żart
journal,dziennik
journalist,dziennikarz
journey,podróż
joy,radość
judge,sędzia
judgement,osąd
juice,sok
july,lipiec
jump,skok
june,czerwiec
junior,junior
justice,sprawiedliwość
justify,uzasadniać
keen,chętny
keep,trzymać
key,klawisz
keyboard,klawiatura
kick,rzut
kid,dziecko
kill,zabić
killing,zabicie
kilometre,kilometr
kind,Uprzejmy
king,król
kiss,pocałunek
kitchen,kuchnia
knee,kolano
knife,nóż
knock,pukanie
know,wiedzieć
knowledge,wiedza
lab,laboratorium
label,etykieta
laboratory,laboratorium
labour,praca
lack,brak
lady,dama
lake,jezioro
lamp,lampa
land,grunt
landscape,krajobraz
language,język
laptop,laptop
large,duży
largely,w dużej mierze
last,ostatni
late,późno
later,później
latest,najnowszy
laugh,śmiech
laughter,śmiech
launch,początek
law,prawo
lawyer,prawnik
lay,położyć
layer,warstwa
lazy,leniwy
lead,Ołów
leader,lider
leadership,przywództwo
leading,prowadzący
leaf,liść
league,liga
lean,pochylać się
learn,uczyć się
learning,nauka
least,najmniej
leather,skóra
leave,Zostawić
lecture,wykład
left,lewy
leg,noga
legal,prawny
leisure,wypoczynek
lemon,cytrynowy
lend,pożyczać
length,długość
less,mniej
lesson,lekcja
let,pozwalać
letter,list
level,poziom
library,biblioteka
licence,licencja
lie,kłamstwo
life,życie
lifestyle,styl życia
lift,winda
light,światło
like,tak jak
likely,prawdopodobnie
limit,limit
limited,ograniczony
line,linia
link,połączyć
lion,lew
lip,warga
liquid,płyn
list,lista
listen,Słuchać
listener,słuchacz
literature,literatura
little,mały
live,na żywo
lively,pełen życia
living,żyjący
load,obciążenie
loan,pożyczka
local,lokalny
locate,lokalizować
located,usytuowany
location,lokalizacja
lock,zamek
logical,logiczny
lonely,samotny
long,długi
long-term,długofalowy
look,Patrzeć
loose,luźny
lord,lord
lorry,ciężarówka
lose,stracić
loss,strata
lost,zaginiony
lot,działka
loud,głośny
loudly,głośno
love,Miłość
lovely,śliczny
low,Niski
lower,niżej
luck,szczęście
lucky,mający szczęście
lunch,obiad
lung,płuco
luxury,luksus
machine,maszyna
mad,szalony
magazine,magazyn
magic,magia
mail,poczta
main,główny
mainly,głównie
maintain,utrzymywać
majority,większość
make,robić
male,Mężczyzna
mall,centrum handlowe
man,Człowiek
manage,zarządzać
management,kierownictwo
manager,menedżer
manner,sposób
many,wiele
map,mapa
mark,ocena
market,rynek
marketing,marketing
marriage,małżeństwo
married,żonaty
marry,poślubić
mass,masa
massive,masywny
master,gospodarz
match,mecz
matching,dopasowanie
material,tworzywo
mathematics,matematyka
maths,matematyka
matter,materiał
maximum,maksymalny
may,móc
maybe,Może
me,Ja
meal,posiłek
mean,mieć na myśli
meaning,oznaczający
means,oznacza
meanwhile,Tymczasem
measure,mierzyć
measurement,pomiar
meat,mięso
media,głoska bezdźwięczna
medical,medyczny
medicine,medycyna
medium,średni
meet,poznać
meeting,spotkanie
melt,stopić
member,członek
memory,pamięć
mental,psychiczny
mention,wzmianka
menu,menu
mess,bałagan
message,wiadomość
metal,metal
method,metoda
metre,metr
middle,środek
midnight,północ
might,móc
mild,łagodny
mile,mila
military,wojskowy
milk,mleko
million,milion
mind,umysł
mine,kopalnia
mineral,minerał
minimum,minimum
minister,minister
minor,drobny
minority,mniejszość
mirror,lustro
miss,chybić
missing,zaginiony
mission,misja
mistake,błąd
mix,mieszać
mixed,mieszany
mixture,mieszanina
mobile,przenośny
model,model
modern,nowoczesny
modify,modyfikować
moment,moment
monday,Poniedziałek
money,pieniądze
monitor,monitor
monkey,małpa
month,miesiąc
mood,nastrój
moon,księżyc
moral,morał
more,więcej
morning,Poranek
most,bardzo
mostly,głównie
mother,matka
motor,silnik
motorcycle,motocykl
mount,uchwyt
mountain,góra
mouse,mysz
mouth,usta
move,przenosić
movement,ruch
movie,film
much,dużo
mud,błoto
multiple,wiele 
multiply,zwielokrotniać
mum,milczący
murder,morderstwo
muscle,mięsień
museum,muzeum
music,muzyka
musical,musical
musician,muzyk
must,musieć
my,Mój
myself,ja
mysterious,tajemniczy
mystery,tajemnica
nail,gwóźdź
name,nazwa
narrative,narracja
narrow,wąski
nation,naród
national,krajowy
native,rodzinny
natural,naturalny
naturally,naturalnie
nature,natura
near,w pobliżu
nearly,prawie
neat,schludny
necessarily,koniecznie
necessary,niezbędny
neck,szyja
need,potrzebować
needle,igła
negative,negatywny
neighbour,sąsiad
neighbourhood,sąsiedztwo
neither,żaden
nerve,nerw
nervous,nerwowy
network,sieć
never,nigdy
nevertheless,niemniej jednak
new,nowy
news,aktualności
newspaper,gazeta
next,Następny
next to,obok
nice,Ładny
night,noc
nightmare,koszmar
nine,dziewięć
nineteen,dziewiętnaście
ninety,dziewięćdziesiąt
no,NIE
no one,nikt
nobody,nikt
noise,hałas
noisy,hałaśliwy
none,nic
nor,ani
normal,normalna
normally,normalnie
north,północ
northern,północny
nose,nos
not,nie
note,notatka
nothing,Nic
notice,ogłoszenie
notion,pojęcie
november,Listopad
now,Teraz
nowhere,nigdzie
nuclear,jądrowy
number,numer
numerous,liczny
nurse,pielęgniarka
nut,nakrętka
o'clock,O'Clock
obey,przestrzegać
object,obiekt
objective,cel
obligation,obowiązek
observation,obserwacja
observe,przestrzegać
obtain,uzyskać
obvious,oczywiste
obviously,oczywiście
occasion,okazja
occasionally,sporadycznie
occur,zdarzać się
ocean,ocean
october,październik
odd,dziwne
of,z
off,wyłączony
offence,wykroczenie
offend,obrazić
offensive,ofensywa
offer,oferta
office,biuro
officer,oficer
official,urzędnik
often,często
oh,Oh
oil,olej
ok,OK
old,stary
old-fashioned,staromodny
on,NA
once,raz
one,jeden
onion,cebula
online,online
only,tylko
onto,na
open,Otwarte
opening,otwór
operate,działać
operation,działanie
opinion,opinia
opponent,przeciwnik
opportunity,możliwość
oppose,sprzeciwiać się
opposed,przeciwny
opposite,naprzeciwko
opposition,sprzeciw
option,opcja
or,Lub
orange,pomarańczowy
order,zamówienie
ordinary,zwykły
organ,organ
organization,organizacja
organize,zorganizować
organized,zorganizowany
organizer,organizator
origin,pochodzenie
original,oryginalny
originally,pierwotnie
other,Inny
otherwise,W przeciwnym razie
ought,powinien
our,nasz
ours,nasz
ourselves,się
out,na zewnątrz
outcome,wynik
outdoor,plenerowy
outdoors,na powietrzu
outer,zewnętrzny
outline,zarys
outside,poza
oven,piekarnik
over,nad
overall,Ogólnie
owe,być winnym
own,własny
owner,właściciel
pace,tempo
pack,pakiet
package,pakiet
page,strona
pain,ból
painful,bolesny
paint,farba
painter,malarz
painting,malarstwo
pair,para
palace,pałac
pale,blady
pan,patelnia
panel,płyta
pants,spodnie
paper,papier
paragraph,ustęp
parent,roślina mateczna
park,park
parking,parking
parliament,parlament
part,część
participant,uczestnik
participate,brać udział
particular,konkretny
particularly,w szczególności
partly,częściowo
partner,partner
party,impreza
pass,przechodzić
passage,przejście
passenger,pasażer
passion,pasja
passport,paszport
past,przeszłość
path,ścieżka
patient,pacjent
pattern,wzór
pay,płacić
payment,zapłata
peace,pokój
peaceful,spokojny
pen,pióro
pencil,ołówek
penny,grosz
pension,emerytura
people,ludzie
pepper,pieprz
per,za
per cent,procent
percentage,procent
perfect,doskonały
perfectly,doskonale
perform,dokonywać
performance,wydajność
perhaps,być może
period,okres
permanent,stały
permission,pozwolenie
permit,zezwolenie
person,osoba
personal,osobisty
personality,osobowość
personally,osobiście
perspective,perspektywiczny
persuade,namówić
pet,zwierzak domowy
petrol,benzyna
phase,faza
phenomenon,zjawisko
philosophy,filozofia
phone,telefon
photo,zdjęcie
photograph,fotografia
photographer,fotograf
photography,fotografia
phrase,wyrażenie
physical,fizyczny
physics,fizyka
piano,fortepian
pick,wybierać
picture,zdjęcie
piece,sztuka
pig,świnia
pile,stos 
pilot,pilot
pin,szpilka
pink,różowy
pipe,rura
pitch,poziom
place,miejsce
plain,zwykły
plan,plan
plane,samolot
planet,planeta
planning,planowanie
plant,zakład
plastic,plastikowy
plate,płyta
platform,platforma
play,grać
player,odtwarzacz
pleasant,przyjemny
please,Proszę
pleased,zadowolony
pleasure,przyjemność
plenty,mnóstwo
plot,działka
plus,plus
pocket,kieszeń
poem,wiersz
poet,poeta
poetry,poezja
point,punkt
pointed,spiczasty
poison,zatruć
poisonous,trujący
police,Policja
policeman,policjant
policy,polityka
polite,grzeczny
political,polityczny
politician,polityk
politics,polityka
pollution,zanieczyszczenie
pool,basen
poor,słaby
popular,popularny
popularity,popularność
population,populacja
port,port
portrait,portret
pose,poza
position,pozycja
positive,pozytywny
possess,posiadać
possession,posiadanie
possibility,możliwość
possible,możliwy
possibly,prawdopodobnie
post,post
poster,plakat
pot,garnek
potato,ziemniak
potential,potencjał
pound,funt
pour,wlać
poverty,ubóstwo
powder,proszek
power,moc
powerful,potężny
practical,praktyczny
practice,praktyka
practise,praktyka
praise,pochwała
pray,modlić się
prayer,modlitwa
predict,przewidywać
prediction,prognoza
prefer,woleć
pregnant,w ciąży
preparation,przygotowanie
prepare,przygotowywać
prepared,przygotowany
presence,obecność
present,obecny
presentation,prezentacja
preserve,utrzymywać
president,prezydent
press,naciskać
pressure,ciśnienie
pretend,udawać
pretty,ładny
prevent,zapobiegać
previous,poprzedni
previously,poprzednio
price,cena
priest,kapłan
primary,podstawowy
prime,główny
prince,książę
princess,księżniczka
principle,zasada
print,wydrukować
printer,drukarka
printing,druk
priority,priorytet
prison,więzienie
prisoner,więzień
privacy,prywatność
private,prywatny
prize,nagroda
probably,prawdopodobnie
problem,problem
procedure,procedura
process,proces
produce,wytwarzać
producer,producent
product,produkt
production,produkcja
profession,zawód
professional,profesjonalny
professor,profesor
profile,profil
profit,zysk
program,program
programme,program
progress,postęp
project,projekt
promise,obietnica
promote,promować
pronounce,wymawiać
proof,dowód
proper,właściwy
properly,odpowiednio
property,nieruchomość
proposal,wniosek
propose,zaproponować
prospect,perspektywa
protect,chronić
protection,ochrona
protest,protest
proud,dumny
prove,udowodnić
provide,dostarczać
psychologist,psycholog
psychology,psychologia
pub,pub
public,publiczny
publication,publikacja
publish,publikować
pull,ciągnąć
punish,karać
punishment,kara
pupil,źrenica
purchase,zakup
pure,czysty
purple,fioletowy
purpose,zamiar
pursue,realizować
push,naciskać
put,umieścić
qualification,kwalifikacja
qualified,wykwalifikowany
qualify,zakwalifikować
quality,jakość
quantity,ilość
quarter,kwartał
queen,królowa
question,pytanie
queue,kolejka
quick,szybki
quickly,szybko
quiet,cichy
quietly,cicho
quit,zrezygnować 
quite,całkiem
quotation,cytat
quote,cytat
race,wyścig
racing,wyścigi
radio,radio
railway,kolej żelazna
rain,deszcz
raise,wznosić
range,zakres
rank,stopień
rapid,szybki
rapidly,wartko
rare,rzadki
rarely,rzadko
rate,wskaźnik
rather,raczej
raw,surowy
reach,zasięg
react,zareagować
reaction,reakcja
read,Czytać
reader,czytelnik
reading,czytanie
ready,gotowy
real,prawdziwy
realistic,realistyczny
reality,rzeczywistość
realize,zrealizować
really,Naprawdę
reason,powód
reasonable,rozsądny
recall,przypomnienie sobie czegoś
receipt,paragon
receive,odbierać
recent,ostatni
recently,Ostatnio
reception,przyjęcie
recipe,przepis
recognize,rozpoznać
recommend,polecić
recommendation,zalecenie
record,nagrywać
recording,nagranie
recover,odzyskiwać
recycle,ponownie wprowadzać do obiegu
red,czerwony
reduce,zmniejszyć
reduction,zmniejszenie
refer,wspominać
reference,odniesienie
reflect,odbijać
refuse,odmawiać
regard,szacunek
region,region
regional,regionalny
register,rejestr
regret,żal
regular,regularny
regularly,regularnie
regulation,regulacja
reject,odrzucić
relate,odnieść się
related,powiązany
relation,relacja
relationship,relacja
relative,względny
relatively,stosunkowo
relax,zrelaksować się
relaxed,zrelaksowany
relaxing,odprężający
release,uwolnienie
relevant,odpowiedni
reliable,niezawodny
relief,ulga
religion,religia
religious,religijny
rely,polegać
remain,pozostać
remark,uwaga
remember,Pamiętać
remind,przypomnieć
remote,zdalny
remove,usunąć
rent,wynajem
repair,naprawa
repeat,powtarzać
repeated,powtarzający się
replace,zastępować
reply,odpowiedź
report,raport
reporter,reporter
represent,reprezentować
representative,przedstawiciel
reputation,reputacja
request,wniosek
require,wymagać
requirement,wymóg
rescue,ratunek
research,badania
researcher,badacz
reservation,rezerwacja
reserve,zarezerwować
resident,rezydent
resist,oprzeć się
resolve,rozstrzygać
resort,uciec
resource,ratunek
respect,szacunek
respond,reagować
response,odpowiedź
responsibility,odpowiedzialność
responsible,odpowiedzialny
rest,odpoczynek
restaurant,restauracja
result,wynik
retain,zachować
retire,odchodzić
retired,emerytowany
return,powrót
reveal,ujawnić
review,recenzja
revise,poprawiać
revolution,rewolucja
reward,nagroda
rhythm,rytm
rice,ryż
rich,bogaty
rid,eliminować
ride,jeździć
right,Prawidłowy
ring,pierścień
rise,wzrastać
risk,ryzyko
river,rzeka
road,droga
robot,robot
role,rola
roll,rolka
romantic,romantyczny
roof,dach
room,pokój
root,źródło
rope,lina
rough,surowy
round,okrągły
route,trasa
routine,rutyna
row,wiersz
royal,królewski
rub,pocierać
rubber,guma
rubbish,śmieci
rude,niegrzeczny
rugby,rugby
rule,reguła
run,uruchomić
runner,biegacz
running,działanie
rural,wiejski
rush,pośpiech
sad,smutny
sadly,Niestety
safe,bezpieczna
safety,bezpieczeństwo
sail,żagiel
sailing,żeglarstwo
sailor,marynarz
salad,sałatka
salary,wynagrodzenie
sale,sprzedaż
salt,sól
same,To samo
sample,próbka
sand,piasek
sandwich,kanapka
satellite,satelita
satisfied,zadowolony
satisfy,usatysfakcjonować
saturday,sobota
sauce,sos
save,ratować
saving,oszczędność
scale,skala
scan,skandować
scared,przestraszony
scary,straszny
scene,scena
schedule,harmonogram
scheme,schemat
school,szkoła
science,nauka
scientific,naukowy
scientist,naukowiec
score,wynik
scream,krzyk
screen,ekran
script,scenariusz
sculpture,rzeźba
sea,morze
search,szukaj
season,sezon
seat,siedziba
second,drugi
secondary,wtórny
secondly,po drugie
secret,sekret
secretary,sekretarz
section,sekcja
sector,sektor
secure,bezpieczny
security,bezpieczeństwo
see,Widzieć
seed,nasienie
seek,szukać
seem,wydaje się
select,wybierać
selection,wybór
self,ja
sell,sprzedać
send,wysłać
senior,senior
sense,sens
sensible,rozsądny
sensitive,wrażliwy
sentence,zdanie
separate,oddzielny
september,wrzesień
sequence,sekwencja
series,szereg
serious,poważny
seriously,poważnie
servant,sługa
serve,podawać
service,praca
session,sesja
set,ustawić
setting,ustawienie
settle,rozstrzygnąć
seven,siedem
seventeen,siedemnaście
seventy,siedemdziesiąt
several,kilka
severe,ciężki : silny
sex,seks
sexual,seksualny
shade,cień
shadow,cień
shake,potrząsnąć
shall,być
shallow,płytki
shame,wstyd
shape,kształt
share,udział
sharp,ostry
she,ona
sheep,owce
sheet,arkusz
shelf,półka
shell,powłoka
shelter,schronienie
shift,zmiana
shine,świecić
shiny,błyszczący
ship,statek
shirt,koszula
shock,zaszokować
shocked,Zszokowany
shoe,but
shooting,strzelanie
shop,sklep
shopping,zakupy
short,krótki
shot,strzał
should,powinien
shoulder,ramię
shout,krzyczeć
show,pokazywać
shower,prysznic
shut,zamknąć
shy,nieśmiały
sick,chory
side,strona
sight,wzrok
sign,podpisać
signal,sygnał
significant,istotne
significantly,znacznie
silence,cisza
silent,cichy
silk,jedwab
silly,głupi
silver,srebrny
similar,podobny
similarity,podobieństwo
similarly,podobnie
simple,prosty
simply,po prostu
since,od
sincere,szczery
sing,śpiewać
singer,piosenkarz
singing,śpiew
single,pojedynczy
sink,zlew
sir,pan
sister,siostra
sit,siedzieć
site,strona
situation,sytuacja
six,sześć
sixteen,szesnaście
sixty,sześćdziesiąt
size,rozmiar
ski,jeździć na nartach
skiing,narciarstwo
skill,umiejętność
skin,skóra
skirt,spódnica
sky,niebo
slave,niewolnik
sleep,spać
slice,plasterek
slide,slajd
slight,niewielki
slightly,nieznacznie
slip,poślizg
slope,nachylenie
slow,powolny
slowly,powoli
small,mały
smart,mądry
smell,zapach
smile,uśmiech
smoke,dym
smoking,palenie
smooth,gładki
snake,wąż
snow,śnieg
so,Więc
soap,mydło
soccer,piłka nożna
social,społeczny
society,społeczeństwo
sock,skarpetka
soft,miękki
software,oprogramowanie
soil,gleba
solar,słoneczny
soldier,żołnierz
solid,solidny
solution,rozwiązanie
solve,rozwiązywać
some,Niektóre
somebody,ktoś
someone,ktoś
something,coś
sometimes,Czasami
somewhat,nieco
somewhere,gdzieś
son,syn
song,piosenka
soon,Wkrótce
sorry,Przepraszam
sort,sortować
soul,dusza
soup,zupa
source,źródło
south,południe
southern,południowy
space,przestrzeń
speak,mówić
speaker,głośnik
special,specjalny
specialist,specjalista
species,gatunek
specific,specyficzny
specifically,swoiście
speech,przemówienie
speed,prędkość
spelling,pisownia
spend,wydawać
spending,wydatki
spicy,pikantny
spider,pająk
spirit,duch
spiritual,duchowy
split,podział
spoken,mówiony
sponsor,sponsor
spoon,łyżka
sport,sport
spot,miejsce
spread,rozpowszechnianie się
spring,wiosna
square,kwadrat
stable,stabilny
stadium,stadion
staff,personel
stage,scena
stair,schodek
stamp,stempel
stand,podstawka
standard,standard
star,gwiazda
stare,gapić się
start,start
state,państwo
statement,oświadczenie
station,stacja
statistic,statystyczny
statue,statua
status,status
stay,zostawać
steady,stały
steal,ukraść
steel,stal
steep,stromy
step,krok
stick,stick
sticky,lepki
stiff,sztywny
still,Nadal
stock,magazyn
stomach,żołądek
stone,kamień
stop,zatrzymywać się
store,sklep
storm,burza
story,historia
straight,prosty
strange,dziwny
stranger,nieznajomy
strategy,strategia
stream,strumień
street,ulica
strength,wytrzymałość
stress,stres
stretch,rozciągać się
strict,ścisły
strike,strajk
string,smyczkowy
strong,mocny
strongly,silnie
structure,struktura
struggle,walka
student,student
studio,studio
study,badanie
stuff,rzeczy
stupid,głupi
style,styl
subject,temat
sublist,Sublist
submit,składać
substance,substancja
succeed,odnieść sukces
success,sukces
successful,udany
successfully,skutecznie
such,taki
sudden,nagły
suddenly,Nagle
suffer,cierpieć
sugar,cukier
suggest,sugerować
suggestion,sugestia
suit,garnitur
suitable,odpowiedni
sum,suma
summarize,streszczać
summary,streszczenie
summer,lato
sun,słoneczny
sunday,niedziela
supermarket,supermarket
supply,dostarczać
support,wsparcie
supporter,kibic
suppose,przypuszczać
sure,Jasne
surely,pewno
surface,powierzchnia
surgery,chirurgia
surprise,niespodzianka
surprised,zaskoczony
surprising,zaskakujący
surround,otaczać
surrounding,otaczający
survey,ankieta
survive,przetrwać
suspect,podejrzany
swear,przeklinać
sweater,sweter
sweep,zamiatać
sweet,słodki
swim,pływać
swimming,pływacki
switch,przełącznik
symbol,symbol
sympathy,współczucie
symptom,objaw
system,system
t-shirt,T-shirt
table,tabela
tablet,tabletka
tail,ogon
take,Brać
tale,opowieść
talent,talent
talented,utalentowany
talk,rozmawiać
tall,wysoki
tank,zbiornik
tape,taśma
target,cel
task,zadanie
taste,smak
tax,podatek
taxi,Taxi
tea,herbata
teach,uczyć
teacher,nauczyciel
teaching,nauczanie
team,zespół
tear,łza
technical,techniczny
technique,technika
technology,technologia
teenage,nastolatek
teenager,nastolatek
telephone,telefon
television,telewizja
tell,powiedzieć
temperature,temperatura
temporary,tymczasowy
ten,dziesięć
tend,mieć skłonności
tennis,tenis
tent,namiot
term,termin
terrible,straszny
test,test
text,tekst
than,niż
thank,dziękować
thanks,Dzięki
that,To
the,.
theatre,teatr
their,ich
theirs,ich
them,ich
theme,temat
themselves,sobie
then,Następnie
theory,teoria
therapy,terapia
there,Tam
therefore,W związku z tym
they,Oni
thick,gruby
thief,złodziej
thin,cienki
thing,rzecz
think,myśleć
thinking,myślący
third,trzeci
thirsty,spragniony
thirteen,trzynaście
thirty,trzydzieści
this,Ten
though,chociaż
thought,myśl
thousand,tysiąc
threat,zagrożenie
threaten,zagrozić
three,trzy
throat,gardło
through,Poprzez
throughout,na wskroś
throw,rzucić
thursday,Czwartek
thus,zatem
ticket,bilet
tidy,czysty
tie,krawat
tight,obcisły
till,do
time,czas
tin,cyna
tiny,malutki
tip,wskazówka
tired,zmęczony
title,tytuł
to,Do
today,Dzisiaj
toe,palec u nogi
together,razem
toilet,toaleta
tomato,pomidor
tomorrow,jutro
tone,ton
tongue,język
tonight,dziś wieczorem
too,zbyt
tool,narzędzie
tooth,ząb
topic,temat
totally,całkowicie
touch,dotykać
tough,trudny
tour,wycieczka
tourism,turystyka
tourist,turystyczny
towards,w kierunku
towel,ręcznik
tower,wieża
town,miasto
toy,zabawka
track,ścieżka
trade,handel
tradition,tradycja
traditional,tradycyjny
traffic,ruch drogowy
train,pociąg
trainer,trener
training,szkolenie
transfer,przenosić 
transform,przekształcać
transition,przemiana
translate,tłumaczyć
translation,tłumaczenie
transport,transport
travel,podróż
traveller,podróżny
treat,traktować
treatment,leczenie
tree,drzewo
trend,tendencja
trial,test
trick,sztuczka
trip,wycieczka
tropical,tropikalny
trouble,kłopoty
trousers,spodnie
truck,ciężarówka
TRUE,PRAWDA
truly,naprawdę
trust,zaufanie
truth,prawda
try,próbować
tube,rura
tuesday,Wtorek
tune,melodia
tunnel,tunel
turn,zakręt
tv,telewizja
twelve,dwanaście
twenty,dwadzieścia
twice,dwa razy
twin,bliźniak
two,dwa
type,typ
typical,typowy
typically,zazwyczaj
tyre,opona
ugly,brzydki
ultimately,ostatecznie
umbrella,parasol
unable,niezdolny
uncle,wujek
uncomfortable,niewygodny
unconscious,nieświadomy
under,pod 
underground,podziemny
understand,zrozumieć
understanding,zrozumienie
underwear,bielizna
unemployed,bezrobotni
unemployment,bezrobocie
unexpected,nieoczekiwany
unfair,niesprawiedliwy
unfortunately,Niestety
unhappy,nieszczęśliwy
uniform,mundur
union,unia
unique,unikalny
unit,jednostka
united,zjednoczony
universe,wszechświat
university,uniwersytet
unknown,nieznany
unless,chyba że
unlike,inaczej
unlikely,mało prawdopodobny
unnecessary,niepotrzebny
unpleasant,nieprzyjemny
until,dopóki
unusual,niezwykłe
up,w górę
update,aktualizacja
upon,od
upper,górny
upset,zdenerwowany
upstairs,na piętrze
upwards,w górę
urban,miejski
urge,pragnienie
us,nas
use,używać
used,używany
used to,wykorzystywany do
useful,użyteczne
user,użytkownik
usual,zwykły
usually,zazwyczaj
vacation,wakacje
valley,dolina
valuable,cenny
value,wartość
van,awangarda
variety,różnorodność
various,różny
vary,różnić się
vast,rozległy
vegetable,warzywo
vehicle,pojazd
venue,lokal
version,wersja
very,bardzo
via,przez
victim,ofiara
victory,zwycięstwo
video,wideo
view,pogląd
viewer,dozorca
village,wieś
violence,przemoc
violent,brutalny
virtual,faktyczny
virus,wirus
vision,wizja
visit,odwiedzać
visitor,gość
visual,wizualny
vital,niezbędny
vitamin,witamina
voice,głos
volume,tom
volunteer,wolontariusz
vote,głosować
wage,płaca
wait,Czekać
waiter,kelner
wake,budzić
walk,chodzić
wall,ściana
want,chcieć
war,wojna
warm,ciepły
warn,ostrzegać
warning,ostrzeżenie
wash,umyć
washing,mycie
waste,marnować
watch,oglądać
water,woda
wave,fala
way,sposób
we,My
weak,słaby
weakness,słabość
wealth,bogactwo
wealthy,bogaty
weapon,broń
wear,nosić 
weather,pogoda
web,sieć
website,strona internetowa
wedding,ślub
wednesday,Środa
week,tydzień
weekend,weekend
weigh,ważyć
weight,waga
welcome,Witamy
west,Zachód
western,western
wet,mokry
what,Co
whatever,cokolwiek
wheel,koło
when,Kiedy
whenever,"zawsze, gdy"
where,Gdzie
whereas,"mając na uwadze, że"
wherever,wszędzie gdzie
whether,czy
which,Który
while,chwila
whisper,szept
white,biały
who,Kto
whole,cały
whom,kogo
whose,którego
why,Dlaczego
wide,szeroki
widely,szeroko
wife,żona
wild,dziki
wildlife,Dzika przyroda
will,będzie
willing,chętny
win,wygrać
wind,wiatr
window,okno
wine,wino
wing,skrzydło
winner,zwycięzca
winter,zima
wire,drut
wise,mądry
wish,życzenie
with,z
within,w
without,bez
witness,świadek
woman,kobieta
wonder,zastanawiać się
wonderful,wspaniały
wood,drewno
wooden,drewniany
wool,wełna
word,słowo
work,praca
worker,pracownik
working,pracujący
world,świat
worldwide,na całym świecie
worried,zmartwiony
worry,martwić się
worse,gorzej
worst,najgorszy
worth,wartość
would,zrobiłbym
wound,rana
wow,Wow
wrap,zawinąć
write,pisać
writer,pisarz
writing,pismo
written,pisemny
wrong,zło
yard,dziedziniec
yeah,Tak
year,rok
yellow,żółty
yes,Tak
yesterday,Wczoraj
yet,już
you,Ty
young,młody
your,twój
yours,twój
yourself,się
youth,młodzież
zero,zero
zone,strefa
